path,escalate
/workspace/benchmarks_ai_research/data/genimage/sd_1_4/data/genimage/sd_1_4/imagenet_ai_0419_sdv4/val/ai/433_sdv4_00074.png,0
/workspace/benchmarks_ai_research/data/genimage/sd_1_4/data/genimage/sd_1_4/imagenet_ai_0419_sdv4/val/nature/ILSVRC2012_val_00022044.JPEG,0
/workspace/benchmarks_ai_research/data/genimage/sd_1_4/data/genimage/sd_1_4/imagenet_ai_0419_sdv4/val/nature/ILSVRC2012_val_00020437.JPEG,0
/workspace/benchmarks_ai_research/data/genimage/sd_1_4/data/genimage/sd_1_4/imagenet_ai_0419_sdv4/val/nature/ILSVRC2012_val_00014049.JPEG,0
/workspace/benchmarks_ai_research/data/genimage/sd_1_4/data/genimage/sd_1_4/imagenet_ai_0419_sdv4/val/nature/ILSVRC2012_val_00006779.JPEG,0
/workspace/benchmarks_ai_research/data/genimage/sd_1_4/data/genimage/sd_1_4/imagenet_ai_0419_sdv4/val/nature/ILSVRC2012_val_00023232.JPEG,0
/workspace/benchmarks_ai_research/data/genimage/sd_1_4/data/genimage/sd_1_4/imagenet_ai_0419_sdv4/val/ai/841_sdv4_00009.png,1
/workspace/benchmarks_ai_research/data/genimage/sd_1_4/data/genimage/sd_1_4/imagenet_ai_0419_sdv4/val/nature/ILSVRC2012_val_00048739.JPEG,0
/workspace/benchmarks_ai_research/data/genimage/sd_1_4/data/genimage/sd_1_4/imagenet_ai_0419_sdv4/val/ai/346_sdv4_00039.png,0
/workspace/benchmarks_ai_research/data/genimage/sd_1_4/data/genimage/sd_1_4/imagenet_ai_0419_sdv4/val/ai/057_sdv4_00039.png,0
/workspace/benchmarks_ai_research/data/genimage/sd_1_4/data/genimage/sd_1_4/imagenet_ai_0419_sdv4/val/ai/554_sdv4_00020.png,0
/workspace/benchmarks_ai_research/data/genimage/sd_1_4/data/genimage/sd_1_4/imagenet_ai_0419_sdv4/val/nature/ILSVRC2012_val_00032193.JPEG,0
/workspace/benchmarks_ai_research/data/genimage/sd_1_4/data/genimage/sd_1_4/imagenet_ai_0419_sdv4/val/ai/145_sdv4_00074.png,0
/workspace/benchmarks_ai_research/data/genimage/sd_1_4/data/genimage/sd_1_4/imagenet_ai_0419_sdv4/val/nature/ILSVRC2012_val_00003010.JPEG,0
/workspace/benchmarks_ai_research/data/genimage/sd_1_4/data/genimage/sd_1_4/imagenet_ai_0419_sdv4/val/ai/341_sdv4_00039.png,0
/workspace/benchmarks_ai_research/data/genimage/sd_1_4/data/genimage/sd_1_4/imagenet_ai_0419_sdv4/val/nature/ILSVRC2012_val_00001043.JPEG,0
/workspace/benchmarks_ai_research/data/genimage/sd_1_4/data/genimage/sd_1_4/imagenet_ai_0419_sdv4/val/nature/ILSVRC2012_val_00006062.JPEG,0
/workspace/benchmarks_ai_research/data/genimage/sd_1_4/data/genimage/sd_1_4/imagenet_ai_0419_sdv4/val/nature/ILSVRC2012_val_00024726.JPEG,0
/workspace/benchmarks_ai_research/data/genimage/sd_1_4/data/genimage/sd_1_4/imagenet_ai_0419_sdv4/val/ai/457_sdv4_00039.png,0
/workspace/benchmarks_ai_research/data/genimage/sd_1_4/data/genimage/sd_1_4/imagenet_ai_0419_sdv4/val/ai/332_sdv4_00035.png,0
/workspace/benchmarks_ai_research/data/genimage/sd_1_4/data/genimage/sd_1_4/imagenet_ai_0419_sdv4/val/ai/697_sdv4_00127.png,0
/workspace/benchmarks_ai_research/data/genimage/sd_1_4/data/genimage/sd_1_4/imagenet_ai_0419_sdv4/val/ai/667_sdv4_00035.png,1
/workspace/benchmarks_ai_research/data/genimage/sd_1_4/data/genimage/sd_1_4/imagenet_ai_0419_sdv4/val/nature/ILSVRC2012_val_00043777.JPEG,0
/workspace/benchmarks_ai_research/data/genimage/sd_1_4/data/genimage/sd_1_4/imagenet_ai_0419_sdv4/val/ai/251_sdv4_00074.png,1
/workspace/benchmarks_ai_research/data/genimage/sd_1_4/data/genimage/sd_1_4/imagenet_ai_0419_sdv4/val/nature/ILSVRC2012_val_00025704.JPEG,0
/workspace/benchmarks_ai_research/data/genimage/sd_1_4/data/genimage/sd_1_4/imagenet_ai_0419_sdv4/val/nature/ILSVRC2012_val_00035000.JPEG,0
/workspace/benchmarks_ai_research/data/genimage/sd_1_4/data/genimage/sd_1_4/imagenet_ai_0419_sdv4/val/nature/ILSVRC2012_val_00043666.JPEG,0
/workspace/benchmarks_ai_research/data/genimage/sd_1_4/data/genimage/sd_1_4/imagenet_ai_0419_sdv4/val/nature/ILSVRC2012_val_00001132.JPEG,0
/workspace/benchmarks_ai_research/data/genimage/sd_1_4/data/genimage/sd_1_4/imagenet_ai_0419_sdv4/val/ai/909_sdv4_00127.png,0
/workspace/benchmarks_ai_research/data/genimage/sd_1_4/data/genimage/sd_1_4/imagenet_ai_0419_sdv4/val/nature/ILSVRC2012_val_00014140.JPEG,0
/workspace/benchmarks_ai_research/data/genimage/sd_1_4/data/genimage/sd_1_4/imagenet_ai_0419_sdv4/val/ai/888_sdv4_00020.png,1
/workspace/benchmarks_ai_research/data/genimage/sd_1_4/data/genimage/sd_1_4/imagenet_ai_0419_sdv4/val/nature/ILSVRC2012_val_00004413.JPEG,0
/workspace/benchmarks_ai_research/data/genimage/sd_1_4/data/genimage/sd_1_4/imagenet_ai_0419_sdv4/val/ai/166_sdv4_00039.png,0
/workspace/benchmarks_ai_research/data/genimage/sd_1_4/data/genimage/sd_1_4/imagenet_ai_0419_sdv4/val/nature/ILSVRC2012_val_00029395.JPEG,0
/workspace/benchmarks_ai_research/data/genimage/sd_1_4/data/genimage/sd_1_4/imagenet_ai_0419_sdv4/val/ai/358_sdv4_00039.png,0
/workspace/benchmarks_ai_research/data/genimage/sd_1_4/data/genimage/sd_1_4/imagenet_ai_0419_sdv4/val/ai/450_sdv4_00074.png,0
/workspace/benchmarks_ai_research/data/genimage/sd_1_4/data/genimage/sd_1_4/imagenet_ai_0419_sdv4/val/nature/ILSVRC2012_val_00019241.JPEG,0
/workspace/benchmarks_ai_research/data/genimage/sd_1_4/data/genimage/sd_1_4/imagenet_ai_0419_sdv4/val/ai/637_sdv4_00039.png,0
/workspace/benchmarks_ai_research/data/genimage/sd_1_4/data/genimage/sd_1_4/imagenet_ai_0419_sdv4/val/nature/ILSVRC2012_val_00024834.JPEG,0
/workspace/benchmarks_ai_research/data/genimage/sd_1_4/data/genimage/sd_1_4/imagenet_ai_0419_sdv4/val/ai/216_sdv4_00020.png,0
/workspace/benchmarks_ai_research/data/genimage/sd_1_4/data/genimage/sd_1_4/imagenet_ai_0419_sdv4/val/nature/ILSVRC2012_val_00049955.JPEG,0
/workspace/benchmarks_ai_research/data/genimage/sd_1_4/data/genimage/sd_1_4/imagenet_ai_0419_sdv4/val/nature/ILSVRC2012_val_00007952.JPEG,1
/workspace/benchmarks_ai_research/data/genimage/sd_1_4/data/genimage/sd_1_4/imagenet_ai_0419_sdv4/val/nature/ILSVRC2012_val_00026192.JPEG,0
/workspace/benchmarks_ai_research/data/genimage/sd_1_4/data/genimage/sd_1_4/imagenet_ai_0419_sdv4/val/ai/620_sdv4_00039.png,0
/workspace/benchmarks_ai_research/data/genimage/sd_1_4/data/genimage/sd_1_4/imagenet_ai_0419_sdv4/val/nature/ILSVRC2012_val_00043092.JPEG,0
/workspace/benchmarks_ai_research/data/genimage/sd_1_4/data/genimage/sd_1_4/imagenet_ai_0419_sdv4/val/nature/ILSVRC2012_val_00046792.JPEG,1
/workspace/benchmarks_ai_research/data/genimage/sd_1_4/data/genimage/sd_1_4/imagenet_ai_0419_sdv4/val/nature/ILSVRC2012_val_00025301.JPEG,0
/workspace/benchmarks_ai_research/data/genimage/sd_1_4/data/genimage/sd_1_4/imagenet_ai_0419_sdv4/val/nature/ILSVRC2012_val_00045676.JPEG,0
/workspace/benchmarks_ai_research/data/genimage/sd_1_4/data/genimage/sd_1_4/imagenet_ai_0419_sdv4/val/nature/ILSVRC2012_val_00032364.JPEG,1
/workspace/benchmarks_ai_research/data/genimage/sd_1_4/data/genimage/sd_1_4/imagenet_ai_0419_sdv4/val/nature/ILSVRC2012_val_00014619.JPEG,0
/workspace/benchmarks_ai_research/data/genimage/sd_1_4/data/genimage/sd_1_4/imagenet_ai_0419_sdv4/val/ai/284_sdv4_00003.png,0
/workspace/benchmarks_ai_research/data/genimage/sd_1_4/data/genimage/sd_1_4/imagenet_ai_0419_sdv4/val/nature/ILSVRC2012_val_00034624.JPEG,0
/workspace/benchmarks_ai_research/data/genimage/sd_1_4/data/genimage/sd_1_4/imagenet_ai_0419_sdv4/val/ai/086_sdv4_00127.png,0
/workspace/benchmarks_ai_research/data/genimage/sd_1_4/data/genimage/sd_1_4/imagenet_ai_0419_sdv4/val/ai/297_sdv4_00009.png,0
/workspace/benchmarks_ai_research/data/genimage/sd_1_4/data/genimage/sd_1_4/imagenet_ai_0419_sdv4/val/ai/044_sdv4_00039.png,0
/workspace/benchmarks_ai_research/data/genimage/sd_1_4/data/genimage/sd_1_4/imagenet_ai_0419_sdv4/val/nature/ILSVRC2012_val_00000667.JPEG,0
/workspace/benchmarks_ai_research/data/genimage/sd_1_4/data/genimage/sd_1_4/imagenet_ai_0419_sdv4/val/nature/ILSVRC2012_val_00036258.JPEG,0
/workspace/benchmarks_ai_research/data/genimage/sd_1_4/data/genimage/sd_1_4/imagenet_ai_0419_sdv4/val/nature/ILSVRC2012_val_00026700.JPEG,1
/workspace/benchmarks_ai_research/data/genimage/sd_1_4/data/genimage/sd_1_4/imagenet_ai_0419_sdv4/val/ai/881_sdv4_00020.png,0
/workspace/benchmarks_ai_research/data/genimage/sd_1_4/data/genimage/sd_1_4/imagenet_ai_0419_sdv4/val/nature/ILSVRC2012_val_00003438.JPEG,0
/workspace/benchmarks_ai_research/data/genimage/sd_1_4/data/genimage/sd_1_4/imagenet_ai_0419_sdv4/val/ai/023_sdv4_00039.png,0
/workspace/benchmarks_ai_research/data/genimage/sd_1_4/data/genimage/sd_1_4/imagenet_ai_0419_sdv4/val/nature/ILSVRC2012_val_00038906.JPEG,0
/workspace/benchmarks_ai_research/data/genimage/sd_1_4/data/genimage/sd_1_4/imagenet_ai_0419_sdv4/val/ai/200_sdv4_00127.png,1
/workspace/benchmarks_ai_research/data/genimage/sd_1_4/data/genimage/sd_1_4/imagenet_ai_0419_sdv4/val/ai/663_sdv4_00074.png,0
/workspace/benchmarks_ai_research/data/genimage/sd_1_4/data/genimage/sd_1_4/imagenet_ai_0419_sdv4/val/ai/526_sdv4_00039.png,0
/workspace/benchmarks_ai_research/data/genimage/sd_1_4/data/genimage/sd_1_4/imagenet_ai_0419_sdv4/val/nature/ILSVRC2012_val_00017391.JPEG,0
/workspace/benchmarks_ai_research/data/genimage/sd_1_4/data/genimage/sd_1_4/imagenet_ai_0419_sdv4/val/ai/668_sdv4_00035.png,0
/workspace/benchmarks_ai_research/data/genimage/sd_1_4/data/genimage/sd_1_4/imagenet_ai_0419_sdv4/val/ai/135_sdv4_00127.png,1
/workspace/benchmarks_ai_research/data/genimage/sd_1_4/data/genimage/sd_1_4/imagenet_ai_0419_sdv4/val/ai/299_sdv4_00020.png,0
/workspace/benchmarks_ai_research/data/genimage/sd_1_4/data/genimage/sd_1_4/imagenet_ai_0419_sdv4/val/ai/977_sdv4_00127.png,0
/workspace/benchmarks_ai_research/data/genimage/sd_1_4/data/genimage/sd_1_4/imagenet_ai_0419_sdv4/val/nature/ILSVRC2012_val_00013300.JPEG,0
/workspace/benchmarks_ai_research/data/genimage/sd_1_4/data/genimage/sd_1_4/imagenet_ai_0419_sdv4/val/ai/997_sdv4_00058.png,0
/workspace/benchmarks_ai_research/data/genimage/sd_1_4/data/genimage/sd_1_4/imagenet_ai_0419_sdv4/val/nature/ILSVRC2012_val_00042834.JPEG,0
/workspace/benchmarks_ai_research/data/genimage/sd_1_4/data/genimage/sd_1_4/imagenet_ai_0419_sdv4/val/ai/127_sdv4_00020.png,0
/workspace/benchmarks_ai_research/data/genimage/sd_1_4/data/genimage/sd_1_4/imagenet_ai_0419_sdv4/val/nature/ILSVRC2012_val_00014020.JPEG,0
/workspace/benchmarks_ai_research/data/genimage/sd_1_4/data/genimage/sd_1_4/imagenet_ai_0419_sdv4/val/nature/ILSVRC2012_val_00005994.JPEG,0
/workspace/benchmarks_ai_research/data/genimage/sd_1_4/data/genimage/sd_1_4/imagenet_ai_0419_sdv4/val/nature/ILSVRC2012_val_00016020.JPEG,0
/workspace/benchmarks_ai_research/data/genimage/sd_1_4/data/genimage/sd_1_4/imagenet_ai_0419_sdv4/val/ai/350_sdv4_00074.png,0
/workspace/benchmarks_ai_research/data/genimage/sd_1_4/data/genimage/sd_1_4/imagenet_ai_0419_sdv4/val/ai/302_sdv4_00074.png,0
/workspace/benchmarks_ai_research/data/genimage/sd_1_4/data/genimage/sd_1_4/imagenet_ai_0419_sdv4/val/ai/661_sdv4_00020.png,1
/workspace/benchmarks_ai_research/data/genimage/sd_1_4/data/genimage/sd_1_4/imagenet_ai_0419_sdv4/val/nature/ILSVRC2012_val_00009579.JPEG,1
/workspace/benchmarks_ai_research/data/genimage/sd_1_4/data/genimage/sd_1_4/imagenet_ai_0419_sdv4/val/ai/174_sdv4_00035.png,0
/workspace/benchmarks_ai_research/data/genimage/sd_1_4/data/genimage/sd_1_4/imagenet_ai_0419_sdv4/val/ai/537_sdv4_00127.png,0
/workspace/benchmarks_ai_research/data/genimage/sd_1_4/data/genimage/sd_1_4/imagenet_ai_0419_sdv4/val/nature/ILSVRC2012_val_00028574.JPEG,0
/workspace/benchmarks_ai_research/data/genimage/sd_1_4/data/genimage/sd_1_4/imagenet_ai_0419_sdv4/val/ai/525_sdv4_00035.png,0
/workspace/benchmarks_ai_research/data/genimage/sd_1_4/data/genimage/sd_1_4/imagenet_ai_0419_sdv4/val/ai/732_sdv4_00003.png,1
/workspace/benchmarks_ai_research/data/genimage/sd_1_4/data/genimage/sd_1_4/imagenet_ai_0419_sdv4/val/nature/ILSVRC2012_val_00039240.JPEG,0
/workspace/benchmarks_ai_research/data/genimage/sd_1_4/data/genimage/sd_1_4/imagenet_ai_0419_sdv4/val/ai/556_sdv4_00039.png,1
/workspace/benchmarks_ai_research/data/genimage/sd_1_4/data/genimage/sd_1_4/imagenet_ai_0419_sdv4/val/ai/605_sdv4_00035.png,0
/workspace/benchmarks_ai_research/data/genimage/sd_1_4/data/genimage/sd_1_4/imagenet_ai_0419_sdv4/val/nature/ILSVRC2012_val_00045121.JPEG,0
/workspace/benchmarks_ai_research/data/genimage/sd_1_4/data/genimage/sd_1_4/imagenet_ai_0419_sdv4/val/nature/ILSVRC2012_val_00044822.JPEG,0
/workspace/benchmarks_ai_research/data/genimage/sd_1_4/data/genimage/sd_1_4/imagenet_ai_0419_sdv4/val/nature/ILSVRC2012_val_00020517.JPEG,1
/workspace/benchmarks_ai_research/data/genimage/sd_1_4/data/genimage/sd_1_4/imagenet_ai_0419_sdv4/val/ai/309_sdv4_00127.png,0
/workspace/benchmarks_ai_research/data/genimage/sd_1_4/data/genimage/sd_1_4/imagenet_ai_0419_sdv4/val/ai/070_sdv4_00020.png,0
/workspace/benchmarks_ai_research/data/genimage/sd_1_4/data/genimage/sd_1_4/imagenet_ai_0419_sdv4/val/nature/ILSVRC2012_val_00005690.JPEG,0
/workspace/benchmarks_ai_research/data/genimage/sd_1_4/data/genimage/sd_1_4/imagenet_ai_0419_sdv4/val/ai/876_sdv4_00127.png,1
/workspace/benchmarks_ai_research/data/genimage/sd_1_4/data/genimage/sd_1_4/imagenet_ai_0419_sdv4/val/nature/ILSVRC2012_val_00036751.JPEG,0
/workspace/benchmarks_ai_research/data/genimage/sd_1_4/data/genimage/sd_1_4/imagenet_ai_0419_sdv4/val/nature/ILSVRC2012_val_00008119.JPEG,0
/workspace/benchmarks_ai_research/data/genimage/sd_1_4/data/genimage/sd_1_4/imagenet_ai_0419_sdv4/val/ai/914_sdv4_00020.png,0
/workspace/benchmarks_ai_research/data/genimage/sd_1_4/data/genimage/sd_1_4/imagenet_ai_0419_sdv4/val/nature/ILSVRC2012_val_00017867.JPEG,1
/workspace/benchmarks_ai_research/data/genimage/sd_1_4/data/genimage/sd_1_4/imagenet_ai_0419_sdv4/val/nature/ILSVRC2012_val_00001665.JPEG,0
/workspace/benchmarks_ai_research/data/genimage/sd_1_4/data/genimage/sd_1_4/imagenet_ai_0419_sdv4/val/ai/553_sdv4_00039.png,0
/workspace/benchmarks_ai_research/data/genimage/sd_1_4/data/genimage/sd_1_4/imagenet_ai_0419_sdv4/val/ai/303_sdv4_00074.png,0
/workspace/benchmarks_ai_research/data/genimage/sd_1_4/data/genimage/sd_1_4/imagenet_ai_0419_sdv4/val/nature/ILSVRC2012_val_00021090.JPEG,0
/workspace/benchmarks_ai_research/data/genimage/sd_1_4/data/genimage/sd_1_4/imagenet_ai_0419_sdv4/val/ai/763_sdv4_00020.png,0
/workspace/benchmarks_ai_research/data/genimage/sd_1_4/data/genimage/sd_1_4/imagenet_ai_0419_sdv4/val/nature/ILSVRC2012_val_00033367.JPEG,0
/workspace/benchmarks_ai_research/data/genimage/sd_1_4/data/genimage/sd_1_4/imagenet_ai_0419_sdv4/val/nature/ILSVRC2012_val_00033752.JPEG,0
/workspace/benchmarks_ai_research/data/genimage/sd_1_4/data/genimage/sd_1_4/imagenet_ai_0419_sdv4/val/ai/042_sdv4_00127.png,0
/workspace/benchmarks_ai_research/data/genimage/sd_1_4/data/genimage/sd_1_4/imagenet_ai_0419_sdv4/val/ai/471_sdv4_00143.png,0
/workspace/benchmarks_ai_research/data/genimage/sd_1_4/data/genimage/sd_1_4/imagenet_ai_0419_sdv4/val/ai/209_sdv4_00074.png,0
/workspace/benchmarks_ai_research/data/genimage/sd_1_4/data/genimage/sd_1_4/imagenet_ai_0419_sdv4/val/nature/ILSVRC2012_val_00012869.JPEG,0
/workspace/benchmarks_ai_research/data/genimage/sd_1_4/data/genimage/sd_1_4/imagenet_ai_0419_sdv4/val/nature/ILSVRC2012_val_00015000.JPEG,0
/workspace/benchmarks_ai_research/data/genimage/sd_1_4/data/genimage/sd_1_4/imagenet_ai_0419_sdv4/val/ai/933_sdv4_00009.png,0
/workspace/benchmarks_ai_research/data/genimage/sd_1_4/data/genimage/sd_1_4/imagenet_ai_0419_sdv4/val/nature/ILSVRC2012_val_00044437.JPEG,0
/workspace/benchmarks_ai_research/data/genimage/sd_1_4/data/genimage/sd_1_4/imagenet_ai_0419_sdv4/val/nature/ILSVRC2012_val_00033123.JPEG,0
/workspace/benchmarks_ai_research/data/genimage/sd_1_4/data/genimage/sd_1_4/imagenet_ai_0419_sdv4/val/ai/780_sdv4_00035.png,0
/workspace/benchmarks_ai_research/data/genimage/sd_1_4/data/genimage/sd_1_4/imagenet_ai_0419_sdv4/val/ai/640_sdv4_00074.png,1
/workspace/benchmarks_ai_research/data/genimage/sd_1_4/data/genimage/sd_1_4/imagenet_ai_0419_sdv4/val/ai/426_sdv4_00035.png,0
/workspace/benchmarks_ai_research/data/genimage/sd_1_4/data/genimage/sd_1_4/imagenet_ai_0419_sdv4/val/ai/380_sdv4_00127.png,0
/workspace/benchmarks_ai_research/data/genimage/sd_1_4/data/genimage/sd_1_4/imagenet_ai_0419_sdv4/val/ai/743_sdv4_00127.png,0
/workspace/benchmarks_ai_research/data/genimage/sd_1_4/data/genimage/sd_1_4/imagenet_ai_0419_sdv4/val/ai/740_sdv4_00143.png,0
/workspace/benchmarks_ai_research/data/genimage/sd_1_4/data/genimage/sd_1_4/imagenet_ai_0419_sdv4/val/ai/753_sdv4_00009.png,0
/workspace/benchmarks_ai_research/data/genimage/sd_1_4/data/genimage/sd_1_4/imagenet_ai_0419_sdv4/val/nature/ILSVRC2012_val_00030731.JPEG,0
/workspace/benchmarks_ai_research/data/genimage/sd_1_4/data/genimage/sd_1_4/imagenet_ai_0419_sdv4/val/ai/296_sdv4_00035.png,0
/workspace/benchmarks_ai_research/data/genimage/sd_1_4/data/genimage/sd_1_4/imagenet_ai_0419_sdv4/val/ai/826_sdv4_00143.png,1
/workspace/benchmarks_ai_research/data/genimage/sd_1_4/data/genimage/sd_1_4/imagenet_ai_0419_sdv4/val/ai/126_sdv4_00074.png,0
/workspace/benchmarks_ai_research/data/genimage/sd_1_4/data/genimage/sd_1_4/imagenet_ai_0419_sdv4/val/nature/ILSVRC2012_val_00026928.JPEG,0
/workspace/benchmarks_ai_research/data/genimage/sd_1_4/data/genimage/sd_1_4/imagenet_ai_0419_sdv4/val/ai/634_sdv4_00020.png,0
/workspace/benchmarks_ai_research/data/genimage/sd_1_4/data/genimage/sd_1_4/imagenet_ai_0419_sdv4/val/ai/007_sdv4_00074.png,0
/workspace/benchmarks_ai_research/data/genimage/sd_1_4/data/genimage/sd_1_4/imagenet_ai_0419_sdv4/val/nature/ILSVRC2012_val_00022408.JPEG,0
/workspace/benchmarks_ai_research/data/genimage/sd_1_4/data/genimage/sd_1_4/imagenet_ai_0419_sdv4/val/nature/ILSVRC2012_val_00030297.JPEG,0
/workspace/benchmarks_ai_research/data/genimage/sd_1_4/data/genimage/sd_1_4/imagenet_ai_0419_sdv4/val/nature/ILSVRC2012_val_00043525.JPEG,0
/workspace/benchmarks_ai_research/data/genimage/sd_1_4/data/genimage/sd_1_4/imagenet_ai_0419_sdv4/val/ai/035_sdv4_00127.png,0
/workspace/benchmarks_ai_research/data/genimage/sd_1_4/data/genimage/sd_1_4/imagenet_ai_0419_sdv4/val/ai/381_sdv4_00039.png,0
/workspace/benchmarks_ai_research/data/genimage/sd_1_4/data/genimage/sd_1_4/imagenet_ai_0419_sdv4/val/ai/410_sdv4_00143.png,1
/workspace/benchmarks_ai_research/data/genimage/sd_1_4/data/genimage/sd_1_4/imagenet_ai_0419_sdv4/val/ai/338_sdv4_00020.png,0
/workspace/benchmarks_ai_research/data/genimage/sd_1_4/data/genimage/sd_1_4/imagenet_ai_0419_sdv4/val/nature/ILSVRC2012_val_00022760.JPEG,0
/workspace/benchmarks_ai_research/data/genimage/sd_1_4/data/genimage/sd_1_4/imagenet_ai_0419_sdv4/val/ai/627_sdv4_00143.png,1
/workspace/benchmarks_ai_research/data/genimage/sd_1_4/data/genimage/sd_1_4/imagenet_ai_0419_sdv4/val/nature/ILSVRC2012_val_00024229.JPEG,0
/workspace/benchmarks_ai_research/data/genimage/sd_1_4/data/genimage/sd_1_4/imagenet_ai_0419_sdv4/val/ai/378_sdv4_00009.png,0
/workspace/benchmarks_ai_research/data/genimage/sd_1_4/data/genimage/sd_1_4/imagenet_ai_0419_sdv4/val/ai/478_sdv4_00127.png,1
/workspace/benchmarks_ai_research/data/genimage/sd_1_4/data/genimage/sd_1_4/imagenet_ai_0419_sdv4/val/ai/904_sdv4_00039.png,0
/workspace/benchmarks_ai_research/data/genimage/sd_1_4/data/genimage/sd_1_4/imagenet_ai_0419_sdv4/val/ai/528_sdv4_00039.png,1
/workspace/benchmarks_ai_research/data/genimage/sd_1_4/data/genimage/sd_1_4/imagenet_ai_0419_sdv4/val/nature/ILSVRC2012_val_00040229.JPEG,0
/workspace/benchmarks_ai_research/data/genimage/sd_1_4/data/genimage/sd_1_4/imagenet_ai_0419_sdv4/val/ai/334_sdv4_00143.png,0
/workspace/benchmarks_ai_research/data/genimage/sd_1_4/data/genimage/sd_1_4/imagenet_ai_0419_sdv4/val/ai/673_sdv4_00035.png,0
/workspace/benchmarks_ai_research/data/genimage/sd_1_4/data/genimage/sd_1_4/imagenet_ai_0419_sdv4/val/ai/715_sdv4_00035.png,0
/workspace/benchmarks_ai_research/data/genimage/sd_1_4/data/genimage/sd_1_4/imagenet_ai_0419_sdv4/val/nature/ILSVRC2012_val_00007261.JPEG,0
/workspace/benchmarks_ai_research/data/genimage/sd_1_4/data/genimage/sd_1_4/imagenet_ai_0419_sdv4/val/nature/ILSVRC2012_val_00018598.JPEG,0
/workspace/benchmarks_ai_research/data/genimage/sd_1_4/data/genimage/sd_1_4/imagenet_ai_0419_sdv4/val/ai/448_sdv4_00074.png,0
/workspace/benchmarks_ai_research/data/genimage/sd_1_4/data/genimage/sd_1_4/imagenet_ai_0419_sdv4/val/nature/ILSVRC2012_val_00009622.JPEG,0
/workspace/benchmarks_ai_research/data/genimage/sd_1_4/data/genimage/sd_1_4/imagenet_ai_0419_sdv4/val/ai/192_sdv4_00020.png,1
/workspace/benchmarks_ai_research/data/genimage/sd_1_4/data/genimage/sd_1_4/imagenet_ai_0419_sdv4/val/ai/558_sdv4_00035.png,0
/workspace/benchmarks_ai_research/data/genimage/sd_1_4/data/genimage/sd_1_4/imagenet_ai_0419_sdv4/val/ai/282_sdv4_00127.png,0
/workspace/benchmarks_ai_research/data/genimage/sd_1_4/data/genimage/sd_1_4/imagenet_ai_0419_sdv4/val/ai/092_sdv4_00035.png,0
/workspace/benchmarks_ai_research/data/genimage/sd_1_4/data/genimage/sd_1_4/imagenet_ai_0419_sdv4/val/ai/921_sdv4_00127.png,1
/workspace/benchmarks_ai_research/data/genimage/sd_1_4/data/genimage/sd_1_4/imagenet_ai_0419_sdv4/val/nature/ILSVRC2012_val_00026486.JPEG,0
/workspace/benchmarks_ai_research/data/genimage/sd_1_4/data/genimage/sd_1_4/imagenet_ai_0419_sdv4/val/ai/863_sdv4_00020.png,0
/workspace/benchmarks_ai_research/data/genimage/sd_1_4/data/genimage/sd_1_4/imagenet_ai_0419_sdv4/val/nature/ILSVRC2012_val_00010200.JPEG,0
/workspace/benchmarks_ai_research/data/genimage/sd_1_4/data/genimage/sd_1_4/imagenet_ai_0419_sdv4/val/nature/ILSVRC2012_val_00030302.JPEG,0
/workspace/benchmarks_ai_research/data/genimage/sd_1_4/data/genimage/sd_1_4/imagenet_ai_0419_sdv4/val/ai/081_sdv4_00039.png,0
/workspace/benchmarks_ai_research/data/genimage/sd_1_4/data/genimage/sd_1_4/imagenet_ai_0419_sdv4/val/ai/033_sdv4_00035.png,0
/workspace/benchmarks_ai_research/data/genimage/sd_1_4/data/genimage/sd_1_4/imagenet_ai_0419_sdv4/val/ai/283_sdv4_00127.png,0
/workspace/benchmarks_ai_research/data/genimage/sd_1_4/data/genimage/sd_1_4/imagenet_ai_0419_sdv4/val/nature/ILSVRC2012_val_00041382.JPEG,0
/workspace/benchmarks_ai_research/data/genimage/sd_1_4/data/genimage/sd_1_4/imagenet_ai_0419_sdv4/val/nature/ILSVRC2012_val_00031663.JPEG,0
/workspace/benchmarks_ai_research/data/genimage/sd_1_4/data/genimage/sd_1_4/imagenet_ai_0419_sdv4/val/nature/ILSVRC2012_val_00026020.JPEG,0
/workspace/benchmarks_ai_research/data/genimage/sd_1_4/data/genimage/sd_1_4/imagenet_ai_0419_sdv4/val/ai/095_sdv4_00035.png,1
/workspace/benchmarks_ai_research/data/genimage/sd_1_4/data/genimage/sd_1_4/imagenet_ai_0419_sdv4/val/nature/ILSVRC2012_val_00022233.JPEG,0
/workspace/benchmarks_ai_research/data/genimage/sd_1_4/data/genimage/sd_1_4/imagenet_ai_0419_sdv4/val/nature/ILSVRC2012_val_00003870.JPEG,0
/workspace/benchmarks_ai_research/data/genimage/sd_1_4/data/genimage/sd_1_4/imagenet_ai_0419_sdv4/val/ai/665_sdv4_00020.png,0
/workspace/benchmarks_ai_research/data/genimage/sd_1_4/data/genimage/sd_1_4/imagenet_ai_0419_sdv4/val/nature/ILSVRC2012_val_00024480.JPEG,0
/workspace/benchmarks_ai_research/data/genimage/sd_1_4/data/genimage/sd_1_4/imagenet_ai_0419_sdv4/val/ai/882_sdv4_00020.png,0
/workspace/benchmarks_ai_research/data/genimage/sd_1_4/data/genimage/sd_1_4/imagenet_ai_0419_sdv4/val/nature/ILSVRC2012_val_00021662.JPEG,0
/workspace/benchmarks_ai_research/data/genimage/sd_1_4/data/genimage/sd_1_4/imagenet_ai_0419_sdv4/val/nature/ILSVRC2012_val_00040074.JPEG,0
/workspace/benchmarks_ai_research/data/genimage/sd_1_4/data/genimage/sd_1_4/imagenet_ai_0419_sdv4/val/nature/ILSVRC2012_val_00037427.JPEG,0
/workspace/benchmarks_ai_research/data/genimage/sd_1_4/data/genimage/sd_1_4/imagenet_ai_0419_sdv4/val/nature/ILSVRC2012_val_00024204.JPEG,0
/workspace/benchmarks_ai_research/data/genimage/sd_1_4/data/genimage/sd_1_4/imagenet_ai_0419_sdv4/val/nature/ILSVRC2012_val_00028845.JPEG,0
/workspace/benchmarks_ai_research/data/genimage/sd_1_4/data/genimage/sd_1_4/imagenet_ai_0419_sdv4/val/nature/ILSVRC2012_val_00049700.JPEG,0
/workspace/benchmarks_ai_research/data/genimage/sd_1_4/data/genimage/sd_1_4/imagenet_ai_0419_sdv4/val/nature/ILSVRC2012_val_00032239.JPEG,1
/workspace/benchmarks_ai_research/data/genimage/sd_1_4/data/genimage/sd_1_4/imagenet_ai_0419_sdv4/val/nature/ILSVRC2012_val_00019536.JPEG,0
/workspace/benchmarks_ai_research/data/genimage/sd_1_4/data/genimage/sd_1_4/imagenet_ai_0419_sdv4/val/nature/ILSVRC2012_val_00037044.JPEG,0
/workspace/benchmarks_ai_research/data/genimage/sd_1_4/data/genimage/sd_1_4/imagenet_ai_0419_sdv4/val/nature/ILSVRC2012_val_00045029.JPEG,0
/workspace/benchmarks_ai_research/data/genimage/sd_1_4/data/genimage/sd_1_4/imagenet_ai_0419_sdv4/val/nature/ILSVRC2012_val_00031448.JPEG,0
/workspace/benchmarks_ai_research/data/genimage/sd_1_4/data/genimage/sd_1_4/imagenet_ai_0419_sdv4/val/nature/ILSVRC2012_val_00029031.JPEG,1
/workspace/benchmarks_ai_research/data/genimage/sd_1_4/data/genimage/sd_1_4/imagenet_ai_0419_sdv4/val/ai/309_sdv4_00035.png,0
/workspace/benchmarks_ai_research/data/genimage/sd_1_4/data/genimage/sd_1_4/imagenet_ai_0419_sdv4/val/ai/282_sdv4_00035.png,0
/workspace/benchmarks_ai_research/data/genimage/sd_1_4/data/genimage/sd_1_4/imagenet_ai_0419_sdv4/val/nature/ILSVRC2012_val_00007185.JPEG,0
/workspace/benchmarks_ai_research/data/genimage/sd_1_4/data/genimage/sd_1_4/imagenet_ai_0419_sdv4/val/nature/ILSVRC2012_val_00012311.JPEG,0
/workspace/benchmarks_ai_research/data/genimage/sd_1_4/data/genimage/sd_1_4/imagenet_ai_0419_sdv4/val/nature/ILSVRC2012_val_00020574.JPEG,0
/workspace/benchmarks_ai_research/data/genimage/sd_1_4/data/genimage/sd_1_4/imagenet_ai_0419_sdv4/val/nature/ILSVRC2012_val_00036766.JPEG,0
/workspace/benchmarks_ai_research/data/genimage/sd_1_4/data/genimage/sd_1_4/imagenet_ai_0419_sdv4/val/nature/ILSVRC2012_val_00011356.JPEG,0
/workspace/benchmarks_ai_research/data/genimage/sd_1_4/data/genimage/sd_1_4/imagenet_ai_0419_sdv4/val/ai/469_sdv4_00020.png,0
/workspace/benchmarks_ai_research/data/genimage/sd_1_4/data/genimage/sd_1_4/imagenet_ai_0419_sdv4/val/nature/ILSVRC2012_val_00010684.JPEG,0
/workspace/benchmarks_ai_research/data/genimage/sd_1_4/data/genimage/sd_1_4/imagenet_ai_0419_sdv4/val/nature/ILSVRC2012_val_00035043.JPEG,0
/workspace/benchmarks_ai_research/data/genimage/sd_1_4/data/genimage/sd_1_4/imagenet_ai_0419_sdv4/val/ai/166_sdv4_00143.png,1
/workspace/benchmarks_ai_research/data/genimage/sd_1_4/data/genimage/sd_1_4/imagenet_ai_0419_sdv4/val/nature/ILSVRC2012_val_00032322.JPEG,0
/workspace/benchmarks_ai_research/data/genimage/sd_1_4/data/genimage/sd_1_4/imagenet_ai_0419_sdv4/val/nature/ILSVRC2012_val_00040022.JPEG,0
/workspace/benchmarks_ai_research/data/genimage/sd_1_4/data/genimage/sd_1_4/imagenet_ai_0419_sdv4/val/nature/ILSVRC2012_val_00009076.JPEG,0
/workspace/benchmarks_ai_research/data/genimage/sd_1_4/data/genimage/sd_1_4/imagenet_ai_0419_sdv4/val/nature/ILSVRC2012_val_00048799.JPEG,0
/workspace/benchmarks_ai_research/data/genimage/sd_1_4/data/genimage/sd_1_4/imagenet_ai_0419_sdv4/val/ai/574_sdv4_00035.png,0
/workspace/benchmarks_ai_research/data/genimage/sd_1_4/data/genimage/sd_1_4/imagenet_ai_0419_sdv4/val/ai/577_sdv4_00127.png,0
/workspace/benchmarks_ai_research/data/genimage/sd_1_4/data/genimage/sd_1_4/imagenet_ai_0419_sdv4/val/ai/968_sdv4_00127.png,0
/workspace/benchmarks_ai_research/data/genimage/sd_1_4/data/genimage/sd_1_4/imagenet_ai_0419_sdv4/val/ai/494_sdv4_00020.png,0
/workspace/benchmarks_ai_research/data/genimage/sd_1_4/data/genimage/sd_1_4/imagenet_ai_0419_sdv4/val/ai/359_sdv4_00127.png,0
/workspace/benchmarks_ai_research/data/genimage/sd_1_4/data/genimage/sd_1_4/imagenet_ai_0419_sdv4/val/nature/ILSVRC2012_val_00007413.JPEG,0
/workspace/benchmarks_ai_research/data/genimage/sd_1_4/data/genimage/sd_1_4/imagenet_ai_0419_sdv4/val/ai/173_sdv4_00074.png,0
/workspace/benchmarks_ai_research/data/genimage/sd_1_4/data/genimage/sd_1_4/imagenet_ai_0419_sdv4/val/nature/ILSVRC2012_val_00018831.JPEG,0
/workspace/benchmarks_ai_research/data/genimage/sd_1_4/data/genimage/sd_1_4/imagenet_ai_0419_sdv4/val/nature/ILSVRC2012_val_00005760.JPEG,0
/workspace/benchmarks_ai_research/data/genimage/sd_1_4/data/genimage/sd_1_4/imagenet_ai_0419_sdv4/val/ai/459_sdv4_00393.png,0
/workspace/benchmarks_ai_research/data/genimage/sd_1_4/data/genimage/sd_1_4/imagenet_ai_0419_sdv4/val/ai/888_sdv4_00127.png,1
/workspace/benchmarks_ai_research/data/genimage/sd_1_4/data/genimage/sd_1_4/imagenet_ai_0419_sdv4/val/nature/ILSVRC2012_val_00036446.JPEG,0
/workspace/benchmarks_ai_research/data/genimage/sd_1_4/data/genimage/sd_1_4/imagenet_ai_0419_sdv4/val/nature/ILSVRC2012_val_00031207.JPEG,0
/workspace/benchmarks_ai_research/data/genimage/sd_1_4/data/genimage/sd_1_4/imagenet_ai_0419_sdv4/val/ai/573_sdv4_00127.png,1
/workspace/benchmarks_ai_research/data/genimage/sd_1_4/data/genimage/sd_1_4/imagenet_ai_0419_sdv4/val/nature/ILSVRC2012_val_00031109.JPEG,0
/workspace/benchmarks_ai_research/data/genimage/sd_1_4/data/genimage/sd_1_4/imagenet_ai_0419_sdv4/val/ai/607_sdv4_00035.png,0
/workspace/benchmarks_ai_research/data/genimage/sd_1_4/data/genimage/sd_1_4/imagenet_ai_0419_sdv4/val/ai/332_sdv4_00074.png,0
/workspace/benchmarks_ai_research/data/genimage/sd_1_4/data/genimage/sd_1_4/imagenet_ai_0419_sdv4/val/nature/ILSVRC2012_val_00048445.JPEG,0
/workspace/benchmarks_ai_research/data/genimage/sd_1_4/data/genimage/sd_1_4/imagenet_ai_0419_sdv4/val/ai/514_sdv4_00074.png,0
/workspace/benchmarks_ai_research/data/genimage/sd_1_4/data/genimage/sd_1_4/imagenet_ai_0419_sdv4/val/nature/ILSVRC2012_val_00012786.JPEG,0
/workspace/benchmarks_ai_research/data/genimage/sd_1_4/data/genimage/sd_1_4/imagenet_ai_0419_sdv4/val/nature/ILSVRC2012_val_00011717.JPEG,0
/workspace/benchmarks_ai_research/data/genimage/sd_1_4/data/genimage/sd_1_4/imagenet_ai_0419_sdv4/val/ai/586_sdv4_00074.png,1
/workspace/benchmarks_ai_research/data/genimage/sd_1_4/data/genimage/sd_1_4/imagenet_ai_0419_sdv4/val/nature/ILSVRC2012_val_00032566.JPEG,0
/workspace/benchmarks_ai_research/data/genimage/sd_1_4/data/genimage/sd_1_4/imagenet_ai_0419_sdv4/val/ai/581_sdv4_00035.png,0
/workspace/benchmarks_ai_research/data/genimage/sd_1_4/data/genimage/sd_1_4/imagenet_ai_0419_sdv4/val/ai/065_sdv4_00074.png,0
/workspace/benchmarks_ai_research/data/genimage/sd_1_4/data/genimage/sd_1_4/imagenet_ai_0419_sdv4/val/nature/ILSVRC2012_val_00003789.JPEG,0
/workspace/benchmarks_ai_research/data/genimage/sd_1_4/data/genimage/sd_1_4/imagenet_ai_0419_sdv4/val/nature/ILSVRC2012_val_00011478.JPEG,0
/workspace/benchmarks_ai_research/data/genimage/sd_1_4/data/genimage/sd_1_4/imagenet_ai_0419_sdv4/val/ai/998_sdv4_00127.png,0
/workspace/benchmarks_ai_research/data/genimage/sd_1_4/data/genimage/sd_1_4/imagenet_ai_0419_sdv4/val/nature/ILSVRC2012_val_00024765.JPEG,0
/workspace/benchmarks_ai_research/data/genimage/sd_1_4/data/genimage/sd_1_4/imagenet_ai_0419_sdv4/val/nature/ILSVRC2012_val_00044834.JPEG,0
/workspace/benchmarks_ai_research/data/genimage/sd_1_4/data/genimage/sd_1_4/imagenet_ai_0419_sdv4/val/nature/ILSVRC2012_val_00046816.JPEG,0
/workspace/benchmarks_ai_research/data/genimage/sd_1_4/data/genimage/sd_1_4/imagenet_ai_0419_sdv4/val/nature/ILSVRC2012_val_00013917.JPEG,0
/workspace/benchmarks_ai_research/data/genimage/sd_1_4/data/genimage/sd_1_4/imagenet_ai_0419_sdv4/val/nature/ILSVRC2012_val_00016452.JPEG,0
/workspace/benchmarks_ai_research/data/genimage/sd_1_4/data/genimage/sd_1_4/imagenet_ai_0419_sdv4/val/ai/838_sdv4_00143.png,1
/workspace/benchmarks_ai_research/data/genimage/sd_1_4/data/genimage/sd_1_4/imagenet_ai_0419_sdv4/val/ai/501_sdv4_00135.png,0
/workspace/benchmarks_ai_research/data/genimage/sd_1_4/data/genimage/sd_1_4/imagenet_ai_0419_sdv4/val/nature/ILSVRC2012_val_00041122.JPEG,0
/workspace/benchmarks_ai_research/data/genimage/sd_1_4/data/genimage/sd_1_4/imagenet_ai_0419_sdv4/val/nature/ILSVRC2012_val_00025783.JPEG,0
/workspace/benchmarks_ai_research/data/genimage/sd_1_4/data/genimage/sd_1_4/imagenet_ai_0419_sdv4/val/nature/ILSVRC2012_val_00000417.JPEG,0
/workspace/benchmarks_ai_research/data/genimage/sd_1_4/data/genimage/sd_1_4/imagenet_ai_0419_sdv4/val/ai/704_sdv4_00039.png,1
/workspace/benchmarks_ai_research/data/genimage/sd_1_4/data/genimage/sd_1_4/imagenet_ai_0419_sdv4/val/nature/ILSVRC2012_val_00002259.JPEG,0
/workspace/benchmarks_ai_research/data/genimage/sd_1_4/data/genimage/sd_1_4/imagenet_ai_0419_sdv4/val/ai/072_sdv4_00127.png,0
/workspace/benchmarks_ai_research/data/genimage/sd_1_4/data/genimage/sd_1_4/imagenet_ai_0419_sdv4/val/ai/538_sdv4_00127.png,0
/workspace/benchmarks_ai_research/data/genimage/sd_1_4/data/genimage/sd_1_4/imagenet_ai_0419_sdv4/val/ai/169_sdv4_00039.png,0
/workspace/benchmarks_ai_research/data/genimage/sd_1_4/data/genimage/sd_1_4/imagenet_ai_0419_sdv4/val/nature/ILSVRC2012_val_00006147.JPEG,1
/workspace/benchmarks_ai_research/data/genimage/sd_1_4/data/genimage/sd_1_4/imagenet_ai_0419_sdv4/val/nature/ILSVRC2012_val_00025669.JPEG,1
/workspace/benchmarks_ai_research/data/genimage/sd_1_4/data/genimage/sd_1_4/imagenet_ai_0419_sdv4/val/nature/ILSVRC2012_val_00005554.JPEG,0
/workspace/benchmarks_ai_research/data/genimage/sd_1_4/data/genimage/sd_1_4/imagenet_ai_0419_sdv4/val/nature/ILSVRC2012_val_00014288.JPEG,1
/workspace/benchmarks_ai_research/data/genimage/sd_1_4/data/genimage/sd_1_4/imagenet_ai_0419_sdv4/val/ai/335_sdv4_00009.png,0
/workspace/benchmarks_ai_research/data/genimage/sd_1_4/data/genimage/sd_1_4/imagenet_ai_0419_sdv4/val/ai/818_sdv4_00127.png,0
/workspace/benchmarks_ai_research/data/genimage/sd_1_4/data/genimage/sd_1_4/imagenet_ai_0419_sdv4/val/nature/ILSVRC2012_val_00014194.JPEG,0
/workspace/benchmarks_ai_research/data/genimage/sd_1_4/data/genimage/sd_1_4/imagenet_ai_0419_sdv4/val/ai/521_sdv4_00035.png,0
/workspace/benchmarks_ai_research/data/genimage/sd_1_4/data/genimage/sd_1_4/imagenet_ai_0419_sdv4/val/ai/600_sdv4_00020.png,0
/workspace/benchmarks_ai_research/data/genimage/sd_1_4/data/genimage/sd_1_4/imagenet_ai_0419_sdv4/val/ai/324_sdv4_00009.png,1
/workspace/benchmarks_ai_research/data/genimage/sd_1_4/data/genimage/sd_1_4/imagenet_ai_0419_sdv4/val/ai/292_sdv4_00039.png,1
/workspace/benchmarks_ai_research/data/genimage/sd_1_4/data/genimage/sd_1_4/imagenet_ai_0419_sdv4/val/nature/ILSVRC2012_val_00011135.JPEG,0
/workspace/benchmarks_ai_research/data/genimage/sd_1_4/data/genimage/sd_1_4/imagenet_ai_0419_sdv4/val/ai/053_sdv4_00039.png,0
/workspace/benchmarks_ai_research/data/genimage/sd_1_4/data/genimage/sd_1_4/imagenet_ai_0419_sdv4/val/nature/ILSVRC2012_val_00014061.JPEG,0
/workspace/benchmarks_ai_research/data/genimage/sd_1_4/data/genimage/sd_1_4/imagenet_ai_0419_sdv4/val/nature/ILSVRC2012_val_00022489.JPEG,0
/workspace/benchmarks_ai_research/data/genimage/sd_1_4/data/genimage/sd_1_4/imagenet_ai_0419_sdv4/val/nature/ILSVRC2012_val_00035806.JPEG,1
/workspace/benchmarks_ai_research/data/genimage/sd_1_4/data/genimage/sd_1_4/imagenet_ai_0419_sdv4/val/nature/ILSVRC2012_val_00013055.JPEG,0
/workspace/benchmarks_ai_research/data/genimage/sd_1_4/data/genimage/sd_1_4/imagenet_ai_0419_sdv4/val/nature/ILSVRC2012_val_00010164.JPEG,0
/workspace/benchmarks_ai_research/data/genimage/sd_1_4/data/genimage/sd_1_4/imagenet_ai_0419_sdv4/val/ai/070_sdv4_00143.png,0
/workspace/benchmarks_ai_research/data/genimage/sd_1_4/data/genimage/sd_1_4/imagenet_ai_0419_sdv4/val/nature/ILSVRC2012_val_00044468.JPEG,0
/workspace/benchmarks_ai_research/data/genimage/sd_1_4/data/genimage/sd_1_4/imagenet_ai_0419_sdv4/val/ai/368_sdv4_00020.png,0
/workspace/benchmarks_ai_research/data/genimage/sd_1_4/data/genimage/sd_1_4/imagenet_ai_0419_sdv4/val/nature/ILSVRC2012_val_00003127.JPEG,0
/workspace/benchmarks_ai_research/data/genimage/sd_1_4/data/genimage/sd_1_4/imagenet_ai_0419_sdv4/val/nature/ILSVRC2012_val_00023019.JPEG,0
/workspace/benchmarks_ai_research/data/genimage/sd_1_4/data/genimage/sd_1_4/imagenet_ai_0419_sdv4/val/nature/ILSVRC2012_val_00049577.JPEG,0
/workspace/benchmarks_ai_research/data/genimage/sd_1_4/data/genimage/sd_1_4/imagenet_ai_0419_sdv4/val/ai/164_sdv4_00039.png,0
/workspace/benchmarks_ai_research/data/genimage/sd_1_4/data/genimage/sd_1_4/imagenet_ai_0419_sdv4/val/ai/403_sdv4_00020.png,0
/workspace/benchmarks_ai_research/data/genimage/sd_1_4/data/genimage/sd_1_4/imagenet_ai_0419_sdv4/val/ai/814_sdv4_00035.png,0
/workspace/benchmarks_ai_research/data/genimage/sd_1_4/data/genimage/sd_1_4/imagenet_ai_0419_sdv4/val/nature/ILSVRC2012_val_00022854.JPEG,0
/workspace/benchmarks_ai_research/data/genimage/sd_1_4/data/genimage/sd_1_4/imagenet_ai_0419_sdv4/val/ai/859_sdv4_00003.png,0
/workspace/benchmarks_ai_research/data/genimage/sd_1_4/data/genimage/sd_1_4/imagenet_ai_0419_sdv4/val/ai/660_sdv4_00143.png,1
/workspace/benchmarks_ai_research/data/genimage/sd_1_4/data/genimage/sd_1_4/imagenet_ai_0419_sdv4/val/ai/819_sdv4_00127.png,1
/workspace/benchmarks_ai_research/data/genimage/sd_1_4/data/genimage/sd_1_4/imagenet_ai_0419_sdv4/val/nature/ILSVRC2012_val_00029791.JPEG,0
/workspace/benchmarks_ai_research/data/genimage/sd_1_4/data/genimage/sd_1_4/imagenet_ai_0419_sdv4/val/ai/813_sdv4_00127.png,0
/workspace/benchmarks_ai_research/data/genimage/sd_1_4/data/genimage/sd_1_4/imagenet_ai_0419_sdv4/val/nature/ILSVRC2012_val_00011275.JPEG,0
/workspace/benchmarks_ai_research/data/genimage/sd_1_4/data/genimage/sd_1_4/imagenet_ai_0419_sdv4/val/ai/731_sdv4_00039.png,1
/workspace/benchmarks_ai_research/data/genimage/sd_1_4/data/genimage/sd_1_4/imagenet_ai_0419_sdv4/val/ai/337_sdv4_00127.png,1
/workspace/benchmarks_ai_research/data/genimage/sd_1_4/data/genimage/sd_1_4/imagenet_ai_0419_sdv4/val/ai/402_sdv4_00127.png,0
/workspace/benchmarks_ai_research/data/genimage/sd_1_4/data/genimage/sd_1_4/imagenet_ai_0419_sdv4/val/nature/ILSVRC2012_val_00011337.JPEG,0
/workspace/benchmarks_ai_research/data/genimage/sd_1_4/data/genimage/sd_1_4/imagenet_ai_0419_sdv4/val/nature/ILSVRC2012_val_00010463.JPEG,0
/workspace/benchmarks_ai_research/data/genimage/sd_1_4/data/genimage/sd_1_4/imagenet_ai_0419_sdv4/val/ai/094_sdv4_00143.png,0
/workspace/benchmarks_ai_research/data/genimage/sd_1_4/data/genimage/sd_1_4/imagenet_ai_0419_sdv4/val/nature/ILSVRC2012_val_00022378.JPEG,0
/workspace/benchmarks_ai_research/data/genimage/sd_1_4/data/genimage/sd_1_4/imagenet_ai_0419_sdv4/val/nature/ILSVRC2012_val_00023999.JPEG,0
/workspace/benchmarks_ai_research/data/genimage/sd_1_4/data/genimage/sd_1_4/imagenet_ai_0419_sdv4/val/nature/ILSVRC2012_val_00015024.JPEG,0
/workspace/benchmarks_ai_research/data/genimage/sd_1_4/data/genimage/sd_1_4/imagenet_ai_0419_sdv4/val/ai/984_sdv4_00074.png,0
/workspace/benchmarks_ai_research/data/genimage/sd_1_4/data/genimage/sd_1_4/imagenet_ai_0419_sdv4/val/ai/855_sdv4_00035.png,0
/workspace/benchmarks_ai_research/data/genimage/sd_1_4/data/genimage/sd_1_4/imagenet_ai_0419_sdv4/val/ai/140_sdv4_00035.png,0
/workspace/benchmarks_ai_research/data/genimage/sd_1_4/data/genimage/sd_1_4/imagenet_ai_0419_sdv4/val/nature/ILSVRC2012_val_00043297.JPEG,0
/workspace/benchmarks_ai_research/data/genimage/sd_1_4/data/genimage/sd_1_4/imagenet_ai_0419_sdv4/val/ai/806_sdv4_00039.png,1
/workspace/benchmarks_ai_research/data/genimage/sd_1_4/data/genimage/sd_1_4/imagenet_ai_0419_sdv4/val/nature/ILSVRC2012_val_00043529.JPEG,1
/workspace/benchmarks_ai_research/data/genimage/sd_1_4/data/genimage/sd_1_4/imagenet_ai_0419_sdv4/val/nature/ILSVRC2012_val_00035601.JPEG,0
/workspace/benchmarks_ai_research/data/genimage/sd_1_4/data/genimage/sd_1_4/imagenet_ai_0419_sdv4/val/nature/ILSVRC2012_val_00021809.JPEG,0
/workspace/benchmarks_ai_research/data/genimage/sd_1_4/data/genimage/sd_1_4/imagenet_ai_0419_sdv4/val/ai/636_sdv4_00020.png,0
/workspace/benchmarks_ai_research/data/genimage/sd_1_4/data/genimage/sd_1_4/imagenet_ai_0419_sdv4/val/ai/570_sdv4_00039.png,1
/workspace/benchmarks_ai_research/data/genimage/sd_1_4/data/genimage/sd_1_4/imagenet_ai_0419_sdv4/val/nature/ILSVRC2012_val_00009550.JPEG,0
/workspace/benchmarks_ai_research/data/genimage/sd_1_4/data/genimage/sd_1_4/imagenet_ai_0419_sdv4/val/nature/ILSVRC2012_val_00048661.JPEG,0
/workspace/benchmarks_ai_research/data/genimage/sd_1_4/data/genimage/sd_1_4/imagenet_ai_0419_sdv4/val/ai/769_sdv4_00020.png,1
/workspace/benchmarks_ai_research/data/genimage/sd_1_4/data/genimage/sd_1_4/imagenet_ai_0419_sdv4/val/nature/ILSVRC2012_val_00013859.JPEG,0
/workspace/benchmarks_ai_research/data/genimage/sd_1_4/data/genimage/sd_1_4/imagenet_ai_0419_sdv4/val/ai/702_sdv4_00143.png,0
/workspace/benchmarks_ai_research/data/genimage/sd_1_4/data/genimage/sd_1_4/imagenet_ai_0419_sdv4/val/ai/624_sdv4_00143.png,0
/workspace/benchmarks_ai_research/data/genimage/sd_1_4/data/genimage/sd_1_4/imagenet_ai_0419_sdv4/val/nature/ILSVRC2012_val_00037546.JPEG,0
/workspace/benchmarks_ai_research/data/genimage/sd_1_4/data/genimage/sd_1_4/imagenet_ai_0419_sdv4/val/ai/112_sdv4_00020.png,0
/workspace/benchmarks_ai_research/data/genimage/sd_1_4/data/genimage/sd_1_4/imagenet_ai_0419_sdv4/val/ai/056_sdv4_00020.png,0
/workspace/benchmarks_ai_research/data/genimage/sd_1_4/data/genimage/sd_1_4/imagenet_ai_0419_sdv4/val/nature/ILSVRC2012_val_00040981.JPEG,1
/workspace/benchmarks_ai_research/data/genimage/sd_1_4/data/genimage/sd_1_4/imagenet_ai_0419_sdv4/val/ai/125_sdv4_00020.png,0
/workspace/benchmarks_ai_research/data/genimage/sd_1_4/data/genimage/sd_1_4/imagenet_ai_0419_sdv4/val/ai/505_sdv4_00143.png,0
/workspace/benchmarks_ai_research/data/genimage/sd_1_4/data/genimage/sd_1_4/imagenet_ai_0419_sdv4/val/ai/317_sdv4_00127.png,0
/workspace/benchmarks_ai_research/data/genimage/sd_1_4/data/genimage/sd_1_4/imagenet_ai_0419_sdv4/val/nature/ILSVRC2012_val_00007332.JPEG,0
/workspace/benchmarks_ai_research/data/genimage/sd_1_4/data/genimage/sd_1_4/imagenet_ai_0419_sdv4/val/nature/ILSVRC2012_val_00032769.JPEG,0
/workspace/benchmarks_ai_research/data/genimage/sd_1_4/data/genimage/sd_1_4/imagenet_ai_0419_sdv4/val/nature/ILSVRC2012_val_00038632.JPEG,0
/workspace/benchmarks_ai_research/data/genimage/sd_1_4/data/genimage/sd_1_4/imagenet_ai_0419_sdv4/val/nature/ILSVRC2012_val_00026197.JPEG,0
/workspace/benchmarks_ai_research/data/genimage/sd_1_4/data/genimage/sd_1_4/imagenet_ai_0419_sdv4/val/ai/321_sdv4_00074.png,0
/workspace/benchmarks_ai_research/data/genimage/sd_1_4/data/genimage/sd_1_4/imagenet_ai_0419_sdv4/val/nature/ILSVRC2012_val_00040600.JPEG,0
/workspace/benchmarks_ai_research/data/genimage/sd_1_4/data/genimage/sd_1_4/imagenet_ai_0419_sdv4/val/nature/ILSVRC2012_val_00000288.JPEG,0
/workspace/benchmarks_ai_research/data/genimage/sd_1_4/data/genimage/sd_1_4/imagenet_ai_0419_sdv4/val/ai/364_sdv4_00058.png,0
/workspace/benchmarks_ai_research/data/genimage/sd_1_4/data/genimage/sd_1_4/imagenet_ai_0419_sdv4/val/nature/ILSVRC2012_val_00029125.JPEG,0
/workspace/benchmarks_ai_research/data/genimage/sd_1_4/data/genimage/sd_1_4/imagenet_ai_0419_sdv4/val/ai/125_sdv4_00039.png,0
/workspace/benchmarks_ai_research/data/genimage/sd_1_4/data/genimage/sd_1_4/imagenet_ai_0419_sdv4/val/nature/ILSVRC2012_val_00007793.JPEG,0
/workspace/benchmarks_ai_research/data/genimage/sd_1_4/data/genimage/sd_1_4/imagenet_ai_0419_sdv4/val/ai/159_sdv4_00035.png,0
/workspace/benchmarks_ai_research/data/genimage/sd_1_4/data/genimage/sd_1_4/imagenet_ai_0419_sdv4/val/ai/303_sdv4_00035.png,0
/workspace/benchmarks_ai_research/data/genimage/sd_1_4/data/genimage/sd_1_4/imagenet_ai_0419_sdv4/val/ai/688_sdv4_00039.png,1
/workspace/benchmarks_ai_research/data/genimage/sd_1_4/data/genimage/sd_1_4/imagenet_ai_0419_sdv4/val/ai/088_sdv4_00127.png,0
/workspace/benchmarks_ai_research/data/genimage/sd_1_4/data/genimage/sd_1_4/imagenet_ai_0419_sdv4/val/nature/ILSVRC2012_val_00039177.JPEG,1
/workspace/benchmarks_ai_research/data/genimage/sd_1_4/data/genimage/sd_1_4/imagenet_ai_0419_sdv4/val/nature/ILSVRC2012_val_00030610.JPEG,0
/workspace/benchmarks_ai_research/data/genimage/sd_1_4/data/genimage/sd_1_4/imagenet_ai_0419_sdv4/val/ai/235_sdv4_00074.png,0
/workspace/benchmarks_ai_research/data/genimage/sd_1_4/data/genimage/sd_1_4/imagenet_ai_0419_sdv4/val/nature/ILSVRC2012_val_00032089.JPEG,0
/workspace/benchmarks_ai_research/data/genimage/sd_1_4/data/genimage/sd_1_4/imagenet_ai_0419_sdv4/val/nature/ILSVRC2012_val_00000964.JPEG,0
/workspace/benchmarks_ai_research/data/genimage/sd_1_4/data/genimage/sd_1_4/imagenet_ai_0419_sdv4/val/nature/ILSVRC2012_val_00016668.JPEG,0
/workspace/benchmarks_ai_research/data/genimage/sd_1_4/data/genimage/sd_1_4/imagenet_ai_0419_sdv4/val/ai/027_sdv4_00135.png,0
/workspace/benchmarks_ai_research/data/genimage/sd_1_4/data/genimage/sd_1_4/imagenet_ai_0419_sdv4/val/nature/ILSVRC2012_val_00000926.JPEG,0
/workspace/benchmarks_ai_research/data/genimage/sd_1_4/data/genimage/sd_1_4/imagenet_ai_0419_sdv4/val/ai/031_sdv4_00039.png,1
/workspace/benchmarks_ai_research/data/genimage/sd_1_4/data/genimage/sd_1_4/imagenet_ai_0419_sdv4/val/nature/ILSVRC2012_val_00039579.JPEG,0
/workspace/benchmarks_ai_research/data/genimage/sd_1_4/data/genimage/sd_1_4/imagenet_ai_0419_sdv4/val/ai/889_sdv4_00143.png,0
/workspace/benchmarks_ai_research/data/genimage/sd_1_4/data/genimage/sd_1_4/imagenet_ai_0419_sdv4/val/nature/ILSVRC2012_val_00002506.JPEG,0
/workspace/benchmarks_ai_research/data/genimage/sd_1_4/data/genimage/sd_1_4/imagenet_ai_0419_sdv4/val/nature/ILSVRC2012_val_00023197.JPEG,0
/workspace/benchmarks_ai_research/data/genimage/sd_1_4/data/genimage/sd_1_4/imagenet_ai_0419_sdv4/val/nature/ILSVRC2012_val_00019151.JPEG,1
/workspace/benchmarks_ai_research/data/genimage/sd_1_4/data/genimage/sd_1_4/imagenet_ai_0419_sdv4/val/nature/ILSVRC2012_val_00004047.JPEG,0
/workspace/benchmarks_ai_research/data/genimage/sd_1_4/data/genimage/sd_1_4/imagenet_ai_0419_sdv4/val/nature/ILSVRC2012_val_00022081.JPEG,0
/workspace/benchmarks_ai_research/data/genimage/sd_1_4/data/genimage/sd_1_4/imagenet_ai_0419_sdv4/val/ai/827_sdv4_00039.png,0
/workspace/benchmarks_ai_research/data/genimage/sd_1_4/data/genimage/sd_1_4/imagenet_ai_0419_sdv4/val/nature/ILSVRC2012_val_00033094.JPEG,0
/workspace/benchmarks_ai_research/data/genimage/sd_1_4/data/genimage/sd_1_4/imagenet_ai_0419_sdv4/val/ai/377_sdv4_00039.png,0
/workspace/benchmarks_ai_research/data/genimage/sd_1_4/data/genimage/sd_1_4/imagenet_ai_0419_sdv4/val/ai/695_sdv4_00074.png,0
/workspace/benchmarks_ai_research/data/genimage/sd_1_4/data/genimage/sd_1_4/imagenet_ai_0419_sdv4/val/nature/ILSVRC2012_val_00033395.JPEG,0
/workspace/benchmarks_ai_research/data/genimage/sd_1_4/data/genimage/sd_1_4/imagenet_ai_0419_sdv4/val/ai/209_sdv4_00020.png,0
/workspace/benchmarks_ai_research/data/genimage/sd_1_4/data/genimage/sd_1_4/imagenet_ai_0419_sdv4/val/nature/ILSVRC2012_val_00039164.JPEG,0
/workspace/benchmarks_ai_research/data/genimage/sd_1_4/data/genimage/sd_1_4/imagenet_ai_0419_sdv4/val/ai/418_sdv4_00009.png,1
/workspace/benchmarks_ai_research/data/genimage/sd_1_4/data/genimage/sd_1_4/imagenet_ai_0419_sdv4/val/ai/121_sdv4_00003.png,0
/workspace/benchmarks_ai_research/data/genimage/sd_1_4/data/genimage/sd_1_4/imagenet_ai_0419_sdv4/val/ai/546_sdv4_00143.png,0
/workspace/benchmarks_ai_research/data/genimage/sd_1_4/data/genimage/sd_1_4/imagenet_ai_0419_sdv4/val/nature/ILSVRC2012_val_00001965.JPEG,1
/workspace/benchmarks_ai_research/data/genimage/sd_1_4/data/genimage/sd_1_4/imagenet_ai_0419_sdv4/val/nature/ILSVRC2012_val_00026941.JPEG,0
/workspace/benchmarks_ai_research/data/genimage/sd_1_4/data/genimage/sd_1_4/imagenet_ai_0419_sdv4/val/nature/ILSVRC2012_val_00045160.JPEG,0
/workspace/benchmarks_ai_research/data/genimage/sd_1_4/data/genimage/sd_1_4/imagenet_ai_0419_sdv4/val/ai/270_sdv4_00143.png,0
/workspace/benchmarks_ai_research/data/genimage/sd_1_4/data/genimage/sd_1_4/imagenet_ai_0419_sdv4/val/nature/ILSVRC2012_val_00004670.JPEG,0
/workspace/benchmarks_ai_research/data/genimage/sd_1_4/data/genimage/sd_1_4/imagenet_ai_0419_sdv4/val/ai/590_sdv4_00143.png,0
/workspace/benchmarks_ai_research/data/genimage/sd_1_4/data/genimage/sd_1_4/imagenet_ai_0419_sdv4/val/nature/ILSVRC2012_val_00002265.JPEG,0
/workspace/benchmarks_ai_research/data/genimage/sd_1_4/data/genimage/sd_1_4/imagenet_ai_0419_sdv4/val/nature/ILSVRC2012_val_00046056.JPEG,0
/workspace/benchmarks_ai_research/data/genimage/sd_1_4/data/genimage/sd_1_4/imagenet_ai_0419_sdv4/val/nature/ILSVRC2012_val_00025806.JPEG,0
/workspace/benchmarks_ai_research/data/genimage/sd_1_4/data/genimage/sd_1_4/imagenet_ai_0419_sdv4/val/nature/ILSVRC2012_val_00008282.JPEG,0
/workspace/benchmarks_ai_research/data/genimage/sd_1_4/data/genimage/sd_1_4/imagenet_ai_0419_sdv4/val/nature/ILSVRC2012_val_00030906.JPEG,0
/workspace/benchmarks_ai_research/data/genimage/sd_1_4/data/genimage/sd_1_4/imagenet_ai_0419_sdv4/val/nature/ILSVRC2012_val_00026784.JPEG,0
/workspace/benchmarks_ai_research/data/genimage/sd_1_4/data/genimage/sd_1_4/imagenet_ai_0419_sdv4/val/ai/245_sdv4_00039.png,0
/workspace/benchmarks_ai_research/data/genimage/sd_1_4/data/genimage/sd_1_4/imagenet_ai_0419_sdv4/val/ai/823_sdv4_00020.png,0
/workspace/benchmarks_ai_research/data/genimage/sd_1_4/data/genimage/sd_1_4/imagenet_ai_0419_sdv4/val/nature/ILSVRC2012_val_00026620.JPEG,0
/workspace/benchmarks_ai_research/data/genimage/sd_1_4/data/genimage/sd_1_4/imagenet_ai_0419_sdv4/val/ai/964_sdv4_00039.png,0
/workspace/benchmarks_ai_research/data/genimage/sd_1_4/data/genimage/sd_1_4/imagenet_ai_0419_sdv4/val/ai/916_sdv4_00020.png,0
/workspace/benchmarks_ai_research/data/genimage/sd_1_4/data/genimage/sd_1_4/imagenet_ai_0419_sdv4/val/nature/ILSVRC2012_val_00003739.JPEG,0
/workspace/benchmarks_ai_research/data/genimage/sd_1_4/data/genimage/sd_1_4/imagenet_ai_0419_sdv4/val/ai/496_sdv4_00039.png,0
/workspace/benchmarks_ai_research/data/genimage/sd_1_4/data/genimage/sd_1_4/imagenet_ai_0419_sdv4/val/ai/129_sdv4_00020.png,0
/workspace/benchmarks_ai_research/data/genimage/sd_1_4/data/genimage/sd_1_4/imagenet_ai_0419_sdv4/val/nature/ILSVRC2012_val_00030698.JPEG,0
/workspace/benchmarks_ai_research/data/genimage/sd_1_4/data/genimage/sd_1_4/imagenet_ai_0419_sdv4/val/nature/ILSVRC2012_val_00040647.JPEG,0
/workspace/benchmarks_ai_research/data/genimage/sd_1_4/data/genimage/sd_1_4/imagenet_ai_0419_sdv4/val/ai/058_sdv4_00074.png,1
/workspace/benchmarks_ai_research/data/genimage/sd_1_4/data/genimage/sd_1_4/imagenet_ai_0419_sdv4/val/ai/227_sdv4_00143.png,0
/workspace/benchmarks_ai_research/data/genimage/sd_1_4/data/genimage/sd_1_4/imagenet_ai_0419_sdv4/val/ai/474_sdv4_00020.png,1
/workspace/benchmarks_ai_research/data/genimage/sd_1_4/data/genimage/sd_1_4/imagenet_ai_0419_sdv4/val/nature/ILSVRC2012_val_00041814.JPEG,0
/workspace/benchmarks_ai_research/data/genimage/sd_1_4/data/genimage/sd_1_4/imagenet_ai_0419_sdv4/val/ai/460_sdv4_00020.png,0
/workspace/benchmarks_ai_research/data/genimage/sd_1_4/data/genimage/sd_1_4/imagenet_ai_0419_sdv4/val/ai/783_sdv4_00074.png,0
/workspace/benchmarks_ai_research/data/genimage/sd_1_4/data/genimage/sd_1_4/imagenet_ai_0419_sdv4/val/ai/177_sdv4_00074.png,0
/workspace/benchmarks_ai_research/data/genimage/sd_1_4/data/genimage/sd_1_4/imagenet_ai_0419_sdv4/val/ai/081_sdv4_00127.png,0
/workspace/benchmarks_ai_research/data/genimage/sd_1_4/data/genimage/sd_1_4/imagenet_ai_0419_sdv4/val/ai/647_sdv4_00035.png,0
/workspace/benchmarks_ai_research/data/genimage/sd_1_4/data/genimage/sd_1_4/imagenet_ai_0419_sdv4/val/nature/ILSVRC2012_val_00026083.JPEG,0
/workspace/benchmarks_ai_research/data/genimage/sd_1_4/data/genimage/sd_1_4/imagenet_ai_0419_sdv4/val/ai/516_sdv4_00100.png,0
/workspace/benchmarks_ai_research/data/genimage/sd_1_4/data/genimage/sd_1_4/imagenet_ai_0419_sdv4/val/ai/313_sdv4_00020.png,0
/workspace/benchmarks_ai_research/data/genimage/sd_1_4/data/genimage/sd_1_4/imagenet_ai_0419_sdv4/val/ai/155_sdv4_00039.png,0
/workspace/benchmarks_ai_research/data/genimage/sd_1_4/data/genimage/sd_1_4/imagenet_ai_0419_sdv4/val/ai/677_sdv4_00207.png,0
/workspace/benchmarks_ai_research/data/genimage/sd_1_4/data/genimage/sd_1_4/imagenet_ai_0419_sdv4/val/ai/021_sdv4_00035.png,1
/workspace/benchmarks_ai_research/data/genimage/sd_1_4/data/genimage/sd_1_4/imagenet_ai_0419_sdv4/val/ai/926_sdv4_00143.png,0
/workspace/benchmarks_ai_research/data/genimage/sd_1_4/data/genimage/sd_1_4/imagenet_ai_0419_sdv4/val/nature/ILSVRC2012_val_00006393.JPEG,0
/workspace/benchmarks_ai_research/data/genimage/sd_1_4/data/genimage/sd_1_4/imagenet_ai_0419_sdv4/val/ai/906_sdv4_00020.png,0
/workspace/benchmarks_ai_research/data/genimage/sd_1_4/data/genimage/sd_1_4/imagenet_ai_0419_sdv4/val/ai/146_sdv4_00143.png,0
/workspace/benchmarks_ai_research/data/genimage/sd_1_4/data/genimage/sd_1_4/imagenet_ai_0419_sdv4/val/ai/681_sdv4_00020.png,0
/workspace/benchmarks_ai_research/data/genimage/sd_1_4/data/genimage/sd_1_4/imagenet_ai_0419_sdv4/val/ai/206_sdv4_00074.png,0
/workspace/benchmarks_ai_research/data/genimage/sd_1_4/data/genimage/sd_1_4/imagenet_ai_0419_sdv4/val/ai/425_sdv4_00020.png,0
/workspace/benchmarks_ai_research/data/genimage/sd_1_4/data/genimage/sd_1_4/imagenet_ai_0419_sdv4/val/nature/ILSVRC2012_val_00002605.JPEG,0
/workspace/benchmarks_ai_research/data/genimage/sd_1_4/data/genimage/sd_1_4/imagenet_ai_0419_sdv4/val/ai/055_sdv4_00020.png,0
/workspace/benchmarks_ai_research/data/genimage/sd_1_4/data/genimage/sd_1_4/imagenet_ai_0419_sdv4/val/nature/ILSVRC2012_val_00039773.JPEG,0
/workspace/benchmarks_ai_research/data/genimage/sd_1_4/data/genimage/sd_1_4/imagenet_ai_0419_sdv4/val/ai/692_sdv4_00127.png,0
/workspace/benchmarks_ai_research/data/genimage/sd_1_4/data/genimage/sd_1_4/imagenet_ai_0419_sdv4/val/ai/498_sdv4_00020.png,0
/workspace/benchmarks_ai_research/data/genimage/sd_1_4/data/genimage/sd_1_4/imagenet_ai_0419_sdv4/val/nature/ILSVRC2012_val_00002384.JPEG,0
/workspace/benchmarks_ai_research/data/genimage/sd_1_4/data/genimage/sd_1_4/imagenet_ai_0419_sdv4/val/nature/ILSVRC2012_val_00033128.JPEG,0
/workspace/benchmarks_ai_research/data/genimage/sd_1_4/data/genimage/sd_1_4/imagenet_ai_0419_sdv4/val/nature/ILSVRC2012_val_00030288.JPEG,0
/workspace/benchmarks_ai_research/data/genimage/sd_1_4/data/genimage/sd_1_4/imagenet_ai_0419_sdv4/val/ai/268_sdv4_00426.png,0
/workspace/benchmarks_ai_research/data/genimage/sd_1_4/data/genimage/sd_1_4/imagenet_ai_0419_sdv4/val/ai/779_sdv4_00020.png,1
/workspace/benchmarks_ai_research/data/genimage/sd_1_4/data/genimage/sd_1_4/imagenet_ai_0419_sdv4/val/nature/ILSVRC2012_val_00024474.JPEG,1
/workspace/benchmarks_ai_research/data/genimage/sd_1_4/data/genimage/sd_1_4/imagenet_ai_0419_sdv4/val/nature/ILSVRC2012_val_00015033.JPEG,0
/workspace/benchmarks_ai_research/data/genimage/sd_1_4/data/genimage/sd_1_4/imagenet_ai_0419_sdv4/val/nature/ILSVRC2012_val_00041092.JPEG,0
/workspace/benchmarks_ai_research/data/genimage/sd_1_4/data/genimage/sd_1_4/imagenet_ai_0419_sdv4/val/nature/ILSVRC2012_val_00002796.JPEG,0
/workspace/benchmarks_ai_research/data/genimage/sd_1_4/data/genimage/sd_1_4/imagenet_ai_0419_sdv4/val/ai/933_sdv4_00074.png,0
/workspace/benchmarks_ai_research/data/genimage/sd_1_4/data/genimage/sd_1_4/imagenet_ai_0419_sdv4/val/ai/486_sdv4_00143.png,0
/workspace/benchmarks_ai_research/data/genimage/sd_1_4/data/genimage/sd_1_4/imagenet_ai_0419_sdv4/val/nature/ILSVRC2012_val_00020147.JPEG,0
/workspace/benchmarks_ai_research/data/genimage/sd_1_4/data/genimage/sd_1_4/imagenet_ai_0419_sdv4/val/ai/719_sdv4_00035.png,0
/workspace/benchmarks_ai_research/data/genimage/sd_1_4/data/genimage/sd_1_4/imagenet_ai_0419_sdv4/val/ai/787_sdv4_00009.png,1
/workspace/benchmarks_ai_research/data/genimage/sd_1_4/data/genimage/sd_1_4/imagenet_ai_0419_sdv4/val/ai/562_sdv4_00035.png,0
/workspace/benchmarks_ai_research/data/genimage/sd_1_4/data/genimage/sd_1_4/imagenet_ai_0419_sdv4/val/ai/104_sdv4_00074.png,0
/workspace/benchmarks_ai_research/data/genimage/sd_1_4/data/genimage/sd_1_4/imagenet_ai_0419_sdv4/val/nature/ILSVRC2012_val_00007613.JPEG,0
/workspace/benchmarks_ai_research/data/genimage/sd_1_4/data/genimage/sd_1_4/imagenet_ai_0419_sdv4/val/nature/ILSVRC2012_val_00038630.JPEG,0
/workspace/benchmarks_ai_research/data/genimage/sd_1_4/data/genimage/sd_1_4/imagenet_ai_0419_sdv4/val/ai/476_sdv4_00039.png,1
/workspace/benchmarks_ai_research/data/genimage/sd_1_4/data/genimage/sd_1_4/imagenet_ai_0419_sdv4/val/ai/377_sdv4_00127.png,0
/workspace/benchmarks_ai_research/data/genimage/sd_1_4/data/genimage/sd_1_4/imagenet_ai_0419_sdv4/val/ai/285_sdv4_00035.png,0
/workspace/benchmarks_ai_research/data/genimage/sd_1_4/data/genimage/sd_1_4/imagenet_ai_0419_sdv4/val/nature/ILSVRC2012_val_00026349.JPEG,0
/workspace/benchmarks_ai_research/data/genimage/sd_1_4/data/genimage/sd_1_4/imagenet_ai_0419_sdv4/val/nature/ILSVRC2012_val_00029675.JPEG,0
/workspace/benchmarks_ai_research/data/genimage/sd_1_4/data/genimage/sd_1_4/imagenet_ai_0419_sdv4/val/ai/827_sdv4_00127.png,0
/workspace/benchmarks_ai_research/data/genimage/sd_1_4/data/genimage/sd_1_4/imagenet_ai_0419_sdv4/val/ai/029_sdv4_00173.png,0
/workspace/benchmarks_ai_research/data/genimage/sd_1_4/data/genimage/sd_1_4/imagenet_ai_0419_sdv4/val/ai/820_sdv4_00127.png,0
/workspace/benchmarks_ai_research/data/genimage/sd_1_4/data/genimage/sd_1_4/imagenet_ai_0419_sdv4/val/nature/ILSVRC2012_val_00014821.JPEG,0
/workspace/benchmarks_ai_research/data/genimage/sd_1_4/data/genimage/sd_1_4/imagenet_ai_0419_sdv4/val/nature/ILSVRC2012_val_00036125.JPEG,0
/workspace/benchmarks_ai_research/data/genimage/sd_1_4/data/genimage/sd_1_4/imagenet_ai_0419_sdv4/val/ai/271_sdv4_00009.png,0
/workspace/benchmarks_ai_research/data/genimage/sd_1_4/data/genimage/sd_1_4/imagenet_ai_0419_sdv4/val/ai/988_sdv4_00062.png,1
/workspace/benchmarks_ai_research/data/genimage/sd_1_4/data/genimage/sd_1_4/imagenet_ai_0419_sdv4/val/nature/ILSVRC2012_val_00041089.JPEG,0
/workspace/benchmarks_ai_research/data/genimage/sd_1_4/data/genimage/sd_1_4/imagenet_ai_0419_sdv4/val/nature/ILSVRC2012_val_00018794.JPEG,0
/workspace/benchmarks_ai_research/data/genimage/sd_1_4/data/genimage/sd_1_4/imagenet_ai_0419_sdv4/val/nature/ILSVRC2012_val_00039544.JPEG,0
/workspace/benchmarks_ai_research/data/genimage/sd_1_4/data/genimage/sd_1_4/imagenet_ai_0419_sdv4/val/nature/ILSVRC2012_val_00031969.JPEG,0
/workspace/benchmarks_ai_research/data/genimage/sd_1_4/data/genimage/sd_1_4/imagenet_ai_0419_sdv4/val/ai/029_sdv4_00087.png,0
/workspace/benchmarks_ai_research/data/genimage/sd_1_4/data/genimage/sd_1_4/imagenet_ai_0419_sdv4/val/nature/ILSVRC2012_val_00041965.JPEG,0
/workspace/benchmarks_ai_research/data/genimage/sd_1_4/data/genimage/sd_1_4/imagenet_ai_0419_sdv4/val/nature/ILSVRC2012_val_00017567.JPEG,0
/workspace/benchmarks_ai_research/data/genimage/sd_1_4/data/genimage/sd_1_4/imagenet_ai_0419_sdv4/val/nature/ILSVRC2012_val_00044779.JPEG,0
/workspace/benchmarks_ai_research/data/genimage/sd_1_4/data/genimage/sd_1_4/imagenet_ai_0419_sdv4/val/nature/ILSVRC2012_val_00030103.JPEG,0
/workspace/benchmarks_ai_research/data/genimage/sd_1_4/data/genimage/sd_1_4/imagenet_ai_0419_sdv4/val/ai/612_sdv4_00020.png,0
/workspace/benchmarks_ai_research/data/genimage/sd_1_4/data/genimage/sd_1_4/imagenet_ai_0419_sdv4/val/ai/153_sdv4_00039.png,0
/workspace/benchmarks_ai_research/data/genimage/sd_1_4/data/genimage/sd_1_4/imagenet_ai_0419_sdv4/val/ai/014_sdv4_00035.png,1
/workspace/benchmarks_ai_research/data/genimage/sd_1_4/data/genimage/sd_1_4/imagenet_ai_0419_sdv4/val/nature/ILSVRC2012_val_00022838.JPEG,0
/workspace/benchmarks_ai_research/data/genimage/sd_1_4/data/genimage/sd_1_4/imagenet_ai_0419_sdv4/val/ai/797_sdv4_00009.png,0
/workspace/benchmarks_ai_research/data/genimage/sd_1_4/data/genimage/sd_1_4/imagenet_ai_0419_sdv4/val/nature/ILSVRC2012_val_00012099.JPEG,0
/workspace/benchmarks_ai_research/data/genimage/sd_1_4/data/genimage/sd_1_4/imagenet_ai_0419_sdv4/val/ai/333_sdv4_00035.png,0
/workspace/benchmarks_ai_research/data/genimage/sd_1_4/data/genimage/sd_1_4/imagenet_ai_0419_sdv4/val/ai/706_sdv4_00143.png,0
/workspace/benchmarks_ai_research/data/genimage/sd_1_4/data/genimage/sd_1_4/imagenet_ai_0419_sdv4/val/nature/ILSVRC2012_val_00022581.JPEG,0
/workspace/benchmarks_ai_research/data/genimage/sd_1_4/data/genimage/sd_1_4/imagenet_ai_0419_sdv4/val/ai/119_sdv4_00143.png,0
/workspace/benchmarks_ai_research/data/genimage/sd_1_4/data/genimage/sd_1_4/imagenet_ai_0419_sdv4/val/ai/050_sdv4_00020.png,0
/workspace/benchmarks_ai_research/data/genimage/sd_1_4/data/genimage/sd_1_4/imagenet_ai_0419_sdv4/val/nature/ILSVRC2012_val_00004671.JPEG,0
/workspace/benchmarks_ai_research/data/genimage/sd_1_4/data/genimage/sd_1_4/imagenet_ai_0419_sdv4/val/nature/ILSVRC2012_val_00018088.JPEG,0
/workspace/benchmarks_ai_research/data/genimage/sd_1_4/data/genimage/sd_1_4/imagenet_ai_0419_sdv4/val/nature/ILSVRC2012_val_00012538.JPEG,0
/workspace/benchmarks_ai_research/data/genimage/sd_1_4/data/genimage/sd_1_4/imagenet_ai_0419_sdv4/val/ai/798_sdv4_00143.png,0
/workspace/benchmarks_ai_research/data/genimage/sd_1_4/data/genimage/sd_1_4/imagenet_ai_0419_sdv4/val/ai/782_sdv4_00020.png,0
/workspace/benchmarks_ai_research/data/genimage/sd_1_4/data/genimage/sd_1_4/imagenet_ai_0419_sdv4/val/ai/187_sdv4_00020.png,0
/workspace/benchmarks_ai_research/data/genimage/sd_1_4/data/genimage/sd_1_4/imagenet_ai_0419_sdv4/val/ai/851_sdv4_00143.png,1
/workspace/benchmarks_ai_research/data/genimage/sd_1_4/data/genimage/sd_1_4/imagenet_ai_0419_sdv4/val/nature/ILSVRC2012_val_00032542.JPEG,0
/workspace/benchmarks_ai_research/data/genimage/sd_1_4/data/genimage/sd_1_4/imagenet_ai_0419_sdv4/val/nature/ILSVRC2012_val_00015485.JPEG,0
/workspace/benchmarks_ai_research/data/genimage/sd_1_4/data/genimage/sd_1_4/imagenet_ai_0419_sdv4/val/nature/ILSVRC2012_val_00039546.JPEG,0
/workspace/benchmarks_ai_research/data/genimage/sd_1_4/data/genimage/sd_1_4/imagenet_ai_0419_sdv4/val/nature/ILSVRC2012_val_00015308.JPEG,0
/workspace/benchmarks_ai_research/data/genimage/sd_1_4/data/genimage/sd_1_4/imagenet_ai_0419_sdv4/val/ai/618_sdv4_00074.png,0
/workspace/benchmarks_ai_research/data/genimage/sd_1_4/data/genimage/sd_1_4/imagenet_ai_0419_sdv4/val/ai/419_sdv4_00009.png,0
/workspace/benchmarks_ai_research/data/genimage/sd_1_4/data/genimage/sd_1_4/imagenet_ai_0419_sdv4/val/ai/698_sdv4_00020.png,0
/workspace/benchmarks_ai_research/data/genimage/sd_1_4/data/genimage/sd_1_4/imagenet_ai_0419_sdv4/val/ai/404_sdv4_00127.png,0
/workspace/benchmarks_ai_research/data/genimage/sd_1_4/data/genimage/sd_1_4/imagenet_ai_0419_sdv4/val/ai/418_sdv4_00020.png,0
/workspace/benchmarks_ai_research/data/genimage/sd_1_4/data/genimage/sd_1_4/imagenet_ai_0419_sdv4/val/ai/482_sdv4_00039.png,1
/workspace/benchmarks_ai_research/data/genimage/sd_1_4/data/genimage/sd_1_4/imagenet_ai_0419_sdv4/val/nature/ILSVRC2012_val_00011532.JPEG,0
/workspace/benchmarks_ai_research/data/genimage/sd_1_4/data/genimage/sd_1_4/imagenet_ai_0419_sdv4/val/nature/ILSVRC2012_val_00036404.JPEG,0
/workspace/benchmarks_ai_research/data/genimage/sd_1_4/data/genimage/sd_1_4/imagenet_ai_0419_sdv4/val/nature/ILSVRC2012_val_00046980.JPEG,0
/workspace/benchmarks_ai_research/data/genimage/sd_1_4/data/genimage/sd_1_4/imagenet_ai_0419_sdv4/val/ai/767_sdv4_00003.png,0
/workspace/benchmarks_ai_research/data/genimage/sd_1_4/data/genimage/sd_1_4/imagenet_ai_0419_sdv4/val/ai/343_sdv4_00143.png,0
/workspace/benchmarks_ai_research/data/genimage/sd_1_4/data/genimage/sd_1_4/imagenet_ai_0419_sdv4/val/nature/ILSVRC2012_val_00034614.JPEG,0
/workspace/benchmarks_ai_research/data/genimage/sd_1_4/data/genimage/sd_1_4/imagenet_ai_0419_sdv4/val/nature/ILSVRC2012_val_00005668.JPEG,0
/workspace/benchmarks_ai_research/data/genimage/sd_1_4/data/genimage/sd_1_4/imagenet_ai_0419_sdv4/val/ai/812_sdv4_00127.png,1
/workspace/benchmarks_ai_research/data/genimage/sd_1_4/data/genimage/sd_1_4/imagenet_ai_0419_sdv4/val/nature/ILSVRC2012_val_00034651.JPEG,0
/workspace/benchmarks_ai_research/data/genimage/sd_1_4/data/genimage/sd_1_4/imagenet_ai_0419_sdv4/val/ai/608_sdv4_00074.png,0
/workspace/benchmarks_ai_research/data/genimage/sd_1_4/data/genimage/sd_1_4/imagenet_ai_0419_sdv4/val/nature/ILSVRC2012_val_00000252.JPEG,0
/workspace/benchmarks_ai_research/data/genimage/sd_1_4/data/genimage/sd_1_4/imagenet_ai_0419_sdv4/val/nature/ILSVRC2012_val_00009726.JPEG,0
/workspace/benchmarks_ai_research/data/genimage/sd_1_4/data/genimage/sd_1_4/imagenet_ai_0419_sdv4/val/nature/ILSVRC2012_val_00045627.JPEG,0
/workspace/benchmarks_ai_research/data/genimage/sd_1_4/data/genimage/sd_1_4/imagenet_ai_0419_sdv4/val/nature/ILSVRC2012_val_00011955.JPEG,0
/workspace/benchmarks_ai_research/data/genimage/sd_1_4/data/genimage/sd_1_4/imagenet_ai_0419_sdv4/val/nature/ILSVRC2012_val_00034689.JPEG,1
