path,y_true,y_univfd,univfd_prob
/workspace/benchmarks_ai_research/data/genimage/biggan/imagenet_ai_0419_biggan/val/ai/433_biggan_00039.png,1,1,0.9983577132225037
/workspace/benchmarks_ai_research/data/genimage/biggan/imagenet_ai_0419_biggan/val/nature/ILSVRC2012_val_00022793.JPEG,0,0,4.973919567419216e-05
/workspace/benchmarks_ai_research/data/genimage/biggan/imagenet_ai_0419_biggan/val/nature/ILSVRC2012_val_00021323.JPEG,0,0,0.0004020814085379243
/workspace/benchmarks_ai_research/data/genimage/biggan/imagenet_ai_0419_biggan/val/nature/ILSVRC2012_val_00015205.JPEG,0,0,9.003545710584149e-05
/workspace/benchmarks_ai_research/data/genimage/biggan/imagenet_ai_0419_biggan/val/nature/ILSVRC2012_val_00007492.JPEG,0,0,0.014340332709252834
/workspace/benchmarks_ai_research/data/genimage/biggan/imagenet_ai_0419_biggan/val/nature/ILSVRC2012_val_00023910.JPEG,0,0,0.0009095818968489766
/workspace/benchmarks_ai_research/data/genimage/biggan/imagenet_ai_0419_biggan/val/ai/841_biggan_00035.png,1,1,0.9981619715690613
/workspace/benchmarks_ai_research/data/genimage/biggan/imagenet_ai_0419_biggan/val/nature/ILSVRC2012_val_00048888.JPEG,0,0,0.0002801575465127826
/workspace/benchmarks_ai_research/data/genimage/biggan/imagenet_ai_0419_biggan/val/ai/346_biggan_00039.png,1,1,0.9895063042640686
/workspace/benchmarks_ai_research/data/genimage/biggan/imagenet_ai_0419_biggan/val/ai/057_biggan_00039.png,1,1,0.9999631643295288
/workspace/benchmarks_ai_research/data/genimage/biggan/imagenet_ai_0419_biggan/val/ai/554_biggan_00020.png,1,0,0.4890349805355072
/workspace/benchmarks_ai_research/data/genimage/biggan/imagenet_ai_0419_biggan/val/nature/ILSVRC2012_val_00032692.JPEG,0,0,0.00016186729772016406
/workspace/benchmarks_ai_research/data/genimage/biggan/imagenet_ai_0419_biggan/val/ai/145_biggan_00074.png,1,1,0.992724597454071
/workspace/benchmarks_ai_research/data/genimage/biggan/imagenet_ai_0419_biggan/val/nature/ILSVRC2012_val_00003634.JPEG,0,0,3.1267829854186857e-06
/workspace/benchmarks_ai_research/data/genimage/biggan/imagenet_ai_0419_biggan/val/ai/341_biggan_00039.png,1,0,0.09176250547170639
/workspace/benchmarks_ai_research/data/genimage/biggan/imagenet_ai_0419_biggan/val/nature/ILSVRC2012_val_00001369.JPEG,0,0,0.0009774825302883983
/workspace/benchmarks_ai_research/data/genimage/biggan/imagenet_ai_0419_biggan/val/nature/ILSVRC2012_val_00006789.JPEG,0,0,0.0008394042961299419
/workspace/benchmarks_ai_research/data/genimage/biggan/imagenet_ai_0419_biggan/val/nature/ILSVRC2012_val_00025150.JPEG,0,0,0.16384819149971008
/workspace/benchmarks_ai_research/data/genimage/biggan/imagenet_ai_0419_biggan/val/ai/457_biggan_00039.png,1,1,0.9997285008430481
/workspace/benchmarks_ai_research/data/genimage/biggan/imagenet_ai_0419_biggan/val/ai/332_biggan_00035.png,1,1,0.9993777275085449
/workspace/benchmarks_ai_research/data/genimage/biggan/imagenet_ai_0419_biggan/val/ai/697_biggan_00127.png,1,1,0.998542308807373
/workspace/benchmarks_ai_research/data/genimage/biggan/imagenet_ai_0419_biggan/val/ai/667_biggan_00039.png,1,1,0.9998421669006348
/workspace/benchmarks_ai_research/data/genimage/biggan/imagenet_ai_0419_biggan/val/nature/ILSVRC2012_val_00044567.JPEG,0,0,0.015129895880818367
/workspace/benchmarks_ai_research/data/genimage/biggan/imagenet_ai_0419_biggan/val/ai/251_biggan_00074.png,1,1,0.9995300769805908
/workspace/benchmarks_ai_research/data/genimage/biggan/imagenet_ai_0419_biggan/val/nature/ILSVRC2012_val_00026209.JPEG,0,0,0.0077329580672085285
/workspace/benchmarks_ai_research/data/genimage/biggan/imagenet_ai_0419_biggan/val/nature/ILSVRC2012_val_00035462.JPEG,0,0,0.021689020097255707
/workspace/benchmarks_ai_research/data/genimage/biggan/imagenet_ai_0419_biggan/val/nature/ILSVRC2012_val_00044424.JPEG,0,0,0.02071991376578808
/workspace/benchmarks_ai_research/data/genimage/biggan/imagenet_ai_0419_biggan/val/nature/ILSVRC2012_val_00001519.JPEG,0,0,0.00014547519094776362
/workspace/benchmarks_ai_research/data/genimage/biggan/imagenet_ai_0419_biggan/val/ai/909_biggan_00127.png,1,1,0.9364693760871887
/workspace/benchmarks_ai_research/data/genimage/biggan/imagenet_ai_0419_biggan/val/nature/ILSVRC2012_val_00015372.JPEG,0,0,5.869102824362926e-05
/workspace/benchmarks_ai_research/data/genimage/biggan/imagenet_ai_0419_biggan/val/ai/888_biggan_00020.png,1,1,0.8747388124465942
/workspace/benchmarks_ai_research/data/genimage/biggan/imagenet_ai_0419_biggan/val/nature/ILSVRC2012_val_00005233.JPEG,0,0,0.0005434603663161397
/workspace/benchmarks_ai_research/data/genimage/biggan/imagenet_ai_0419_biggan/val/ai/166_biggan_00039.png,1,1,0.9999099969863892
/workspace/benchmarks_ai_research/data/genimage/biggan/imagenet_ai_0419_biggan/val/nature/ILSVRC2012_val_00030191.JPEG,0,0,1.2966702342964709e-05
/workspace/benchmarks_ai_research/data/genimage/biggan/imagenet_ai_0419_biggan/val/ai/358_biggan_00039.png,1,1,0.7297692894935608
/workspace/benchmarks_ai_research/data/genimage/biggan/imagenet_ai_0419_biggan/val/ai/450_biggan_00074.png,1,1,0.9104685187339783
/workspace/benchmarks_ai_research/data/genimage/biggan/imagenet_ai_0419_biggan/val/nature/ILSVRC2012_val_00020251.JPEG,0,0,0.0021333007607609034
/workspace/benchmarks_ai_research/data/genimage/biggan/imagenet_ai_0419_biggan/val/ai/637_biggan_00039.png,1,1,0.9994701743125916
/workspace/benchmarks_ai_research/data/genimage/biggan/imagenet_ai_0419_biggan/val/nature/ILSVRC2012_val_00025369.JPEG,0,0,0.0005828542052768171
/workspace/benchmarks_ai_research/data/genimage/biggan/imagenet_ai_0419_biggan/val/ai/216_biggan_00020.png,1,1,0.9039336442947388
/workspace/benchmarks_ai_research/data/genimage/biggan/imagenet_ai_0419_biggan/val/nature/ILSVRC2012_val_00049977.JPEG,0,0,0.16333240270614624
/workspace/benchmarks_ai_research/data/genimage/biggan/imagenet_ai_0419_biggan/val/nature/ILSVRC2012_val_00008604.JPEG,0,1,0.5492567420005798
/workspace/benchmarks_ai_research/data/genimage/biggan/imagenet_ai_0419_biggan/val/nature/ILSVRC2012_val_00026692.JPEG,0,0,0.0004911058931611478
/workspace/benchmarks_ai_research/data/genimage/biggan/imagenet_ai_0419_biggan/val/ai/620_biggan_00039.png,1,1,0.9996228218078613
/workspace/benchmarks_ai_research/data/genimage/biggan/imagenet_ai_0419_biggan/val/nature/ILSVRC2012_val_00043993.JPEG,0,0,0.0010119987418875098
/workspace/benchmarks_ai_research/data/genimage/biggan/imagenet_ai_0419_biggan/val/nature/ILSVRC2012_val_00047207.JPEG,0,0,0.000713977322448045
/workspace/benchmarks_ai_research/data/genimage/biggan/imagenet_ai_0419_biggan/val/nature/ILSVRC2012_val_00025830.JPEG,0,0,0.1903511881828308
/workspace/benchmarks_ai_research/data/genimage/biggan/imagenet_ai_0419_biggan/val/nature/ILSVRC2012_val_00046303.JPEG,0,0,0.08791761100292206
/workspace/benchmarks_ai_research/data/genimage/biggan/imagenet_ai_0419_biggan/val/nature/ILSVRC2012_val_00032774.JPEG,0,0,0.028672780841588974
/workspace/benchmarks_ai_research/data/genimage/biggan/imagenet_ai_0419_biggan/val/nature/ILSVRC2012_val_00015779.JPEG,0,0,0.41322875022888184
/workspace/benchmarks_ai_research/data/genimage/biggan/imagenet_ai_0419_biggan/val/ai/284_biggan_00020.png,1,1,0.9933658242225647
/workspace/benchmarks_ai_research/data/genimage/biggan/imagenet_ai_0419_biggan/val/nature/ILSVRC2012_val_00035188.JPEG,0,0,0.002427501603960991
/workspace/benchmarks_ai_research/data/genimage/biggan/imagenet_ai_0419_biggan/val/ai/086_biggan_00143.png,1,1,0.5068524479866028
/workspace/benchmarks_ai_research/data/genimage/biggan/imagenet_ai_0419_biggan/val/ai/297_biggan_00035.png,1,1,0.999932050704956
/workspace/benchmarks_ai_research/data/genimage/biggan/imagenet_ai_0419_biggan/val/ai/044_biggan_00039.png,1,1,0.950977087020874
/workspace/benchmarks_ai_research/data/genimage/biggan/imagenet_ai_0419_biggan/val/nature/ILSVRC2012_val_00000788.JPEG,0,0,0.005075541790574789
/workspace/benchmarks_ai_research/data/genimage/biggan/imagenet_ai_0419_biggan/val/nature/ILSVRC2012_val_00036997.JPEG,0,0,0.0002277597232023254
/workspace/benchmarks_ai_research/data/genimage/biggan/imagenet_ai_0419_biggan/val/nature/ILSVRC2012_val_00027220.JPEG,0,0,6.685414700768888e-05
/workspace/benchmarks_ai_research/data/genimage/biggan/imagenet_ai_0419_biggan/val/ai/881_biggan_00039.png,1,1,0.9997249245643616
/workspace/benchmarks_ai_research/data/genimage/biggan/imagenet_ai_0419_biggan/val/nature/ILSVRC2012_val_00004154.JPEG,0,0,0.009338762611150742
/workspace/benchmarks_ai_research/data/genimage/biggan/imagenet_ai_0419_biggan/val/ai/023_biggan_00039.png,1,1,0.9948267340660095
/workspace/benchmarks_ai_research/data/genimage/biggan/imagenet_ai_0419_biggan/val/nature/ILSVRC2012_val_00039465.JPEG,0,0,0.00011329821427352726
/workspace/benchmarks_ai_research/data/genimage/biggan/imagenet_ai_0419_biggan/val/ai/200_biggan_00127.png,1,1,0.9987439513206482
/workspace/benchmarks_ai_research/data/genimage/biggan/imagenet_ai_0419_biggan/val/ai/663_biggan_00074.png,1,1,0.999996542930603
/workspace/benchmarks_ai_research/data/genimage/biggan/imagenet_ai_0419_biggan/val/ai/526_biggan_00039.png,1,1,0.9999247789382935
/workspace/benchmarks_ai_research/data/genimage/biggan/imagenet_ai_0419_biggan/val/nature/ILSVRC2012_val_00018501.JPEG,0,0,0.03765970468521118
/workspace/benchmarks_ai_research/data/genimage/biggan/imagenet_ai_0419_biggan/val/ai/668_biggan_00035.png,1,1,0.9975610971450806
/workspace/benchmarks_ai_research/data/genimage/biggan/imagenet_ai_0419_biggan/val/ai/135_biggan_00127.png,1,1,0.7344112992286682
/workspace/benchmarks_ai_research/data/genimage/biggan/imagenet_ai_0419_biggan/val/ai/299_biggan_00020.png,1,1,0.9755116701126099
/workspace/benchmarks_ai_research/data/genimage/biggan/imagenet_ai_0419_biggan/val/ai/977_biggan_00127.png,1,0,0.32675668597221375
/workspace/benchmarks_ai_research/data/genimage/biggan/imagenet_ai_0419_biggan/val/nature/ILSVRC2012_val_00014341.JPEG,0,0,0.00013976488844491541
/workspace/benchmarks_ai_research/data/genimage/biggan/imagenet_ai_0419_biggan/val/ai/997_biggan_00039.png,1,0,0.02672094851732254
/workspace/benchmarks_ai_research/data/genimage/biggan/imagenet_ai_0419_biggan/val/nature/ILSVRC2012_val_00043672.JPEG,0,0,0.00010202687553828582
/workspace/benchmarks_ai_research/data/genimage/biggan/imagenet_ai_0419_biggan/val/ai/127_biggan_00020.png,1,1,0.8022828698158264
/workspace/benchmarks_ai_research/data/genimage/biggan/imagenet_ai_0419_biggan/val/nature/ILSVRC2012_val_00015186.JPEG,0,0,0.003915240056812763
/workspace/benchmarks_ai_research/data/genimage/biggan/imagenet_ai_0419_biggan/val/nature/ILSVRC2012_val_00006762.JPEG,0,0,2.9336824809433892e-06
/workspace/benchmarks_ai_research/data/genimage/biggan/imagenet_ai_0419_biggan/val/nature/ILSVRC2012_val_00017249.JPEG,0,0,0.010350978001952171
/workspace/benchmarks_ai_research/data/genimage/biggan/imagenet_ai_0419_biggan/val/ai/350_biggan_00074.png,1,1,0.9333601593971252
/workspace/benchmarks_ai_research/data/genimage/biggan/imagenet_ai_0419_biggan/val/ai/302_biggan_00074.png,1,1,0.9237102270126343
/workspace/benchmarks_ai_research/data/genimage/biggan/imagenet_ai_0419_biggan/val/ai/661_biggan_00020.png,1,1,0.9608797430992126
/workspace/benchmarks_ai_research/data/genimage/biggan/imagenet_ai_0419_biggan/val/nature/ILSVRC2012_val_00010309.JPEG,0,0,0.0005054722423665226
/workspace/benchmarks_ai_research/data/genimage/biggan/imagenet_ai_0419_biggan/val/ai/174_biggan_00035.png,1,0,0.029177425429224968
/workspace/benchmarks_ai_research/data/genimage/biggan/imagenet_ai_0419_biggan/val/ai/537_biggan_00127.png,1,1,0.8741896152496338
/workspace/benchmarks_ai_research/data/genimage/biggan/imagenet_ai_0419_biggan/val/nature/ILSVRC2012_val_00029227.JPEG,0,0,0.010549066588282585
/workspace/benchmarks_ai_research/data/genimage/biggan/imagenet_ai_0419_biggan/val/ai/525_biggan_00035.png,1,1,0.9606340527534485
/workspace/benchmarks_ai_research/data/genimage/biggan/imagenet_ai_0419_biggan/val/ai/732_biggan_00020.png,1,1,0.9999990463256836
/workspace/benchmarks_ai_research/data/genimage/biggan/imagenet_ai_0419_biggan/val/nature/ILSVRC2012_val_00039809.JPEG,0,0,1.0791666682052892e-05
/workspace/benchmarks_ai_research/data/genimage/biggan/imagenet_ai_0419_biggan/val/ai/556_biggan_00039.png,1,1,0.9996832609176636
/workspace/benchmarks_ai_research/data/genimage/biggan/imagenet_ai_0419_biggan/val/ai/605_biggan_00039.png,1,1,0.9999986886978149
/workspace/benchmarks_ai_research/data/genimage/biggan/imagenet_ai_0419_biggan/val/nature/ILSVRC2012_val_00045780.JPEG,0,0,2.449196017551003e-06
/workspace/benchmarks_ai_research/data/genimage/biggan/imagenet_ai_0419_biggan/val/nature/ILSVRC2012_val_00045484.JPEG,0,1,0.5208532810211182
/workspace/benchmarks_ai_research/data/genimage/biggan/imagenet_ai_0419_biggan/val/nature/ILSVRC2012_val_00021423.JPEG,0,0,0.07529620081186295
/workspace/benchmarks_ai_research/data/genimage/biggan/imagenet_ai_0419_biggan/val/ai/309_biggan_00143.png,1,1,0.9987736344337463
/workspace/benchmarks_ai_research/data/genimage/biggan/imagenet_ai_0419_biggan/val/ai/070_biggan_00020.png,1,1,0.9927914142608643
/workspace/benchmarks_ai_research/data/genimage/biggan/imagenet_ai_0419_biggan/val/nature/ILSVRC2012_val_00006363.JPEG,0,0,2.3676251657889225e-05
/workspace/benchmarks_ai_research/data/genimage/biggan/imagenet_ai_0419_biggan/val/ai/876_biggan_00143.png,1,1,0.9718921184539795
/workspace/benchmarks_ai_research/data/genimage/biggan/imagenet_ai_0419_biggan/val/nature/ILSVRC2012_val_00037502.JPEG,0,0,0.004652689211070538
/workspace/benchmarks_ai_research/data/genimage/biggan/imagenet_ai_0419_biggan/val/nature/ILSVRC2012_val_00008753.JPEG,0,0,0.0008485822472721338
/workspace/benchmarks_ai_research/data/genimage/biggan/imagenet_ai_0419_biggan/val/ai/914_biggan_00020.png,1,0,0.015010066330432892
/workspace/benchmarks_ai_research/data/genimage/biggan/imagenet_ai_0419_biggan/val/nature/ILSVRC2012_val_00018977.JPEG,0,0,0.0179753415286541
/workspace/benchmarks_ai_research/data/genimage/biggan/imagenet_ai_0419_biggan/val/nature/ILSVRC2012_val_00002162.JPEG,0,0,0.0033152576070278883
/workspace/benchmarks_ai_research/data/genimage/biggan/imagenet_ai_0419_biggan/val/ai/553_biggan_00074.png,1,1,0.9980758428573608
/workspace/benchmarks_ai_research/data/genimage/biggan/imagenet_ai_0419_biggan/val/ai/303_biggan_00074.png,1,1,0.7895047664642334
/workspace/benchmarks_ai_research/data/genimage/biggan/imagenet_ai_0419_biggan/val/nature/ILSVRC2012_val_00021938.JPEG,0,0,0.0033116417471319437
/workspace/benchmarks_ai_research/data/genimage/biggan/imagenet_ai_0419_biggan/val/ai/763_biggan_00020.png,1,1,0.9956681728363037
/workspace/benchmarks_ai_research/data/genimage/biggan/imagenet_ai_0419_biggan/val/nature/ILSVRC2012_val_00034059.JPEG,0,0,0.0012602059869095683
/workspace/benchmarks_ai_research/data/genimage/biggan/imagenet_ai_0419_biggan/val/nature/ILSVRC2012_val_00034340.JPEG,0,0,0.0017956276424229145
/workspace/benchmarks_ai_research/data/genimage/biggan/imagenet_ai_0419_biggan/val/ai/042_biggan_00127.png,1,1,0.9993478655815125
/workspace/benchmarks_ai_research/data/genimage/biggan/imagenet_ai_0419_biggan/val/ai/471_biggan_00143.png,1,1,0.5240787863731384
/workspace/benchmarks_ai_research/data/genimage/biggan/imagenet_ai_0419_biggan/val/ai/209_biggan_00074.png,1,1,0.9745447039604187
/workspace/benchmarks_ai_research/data/genimage/biggan/imagenet_ai_0419_biggan/val/nature/ILSVRC2012_val_00013950.JPEG,0,0,0.023299356922507286
/workspace/benchmarks_ai_research/data/genimage/biggan/imagenet_ai_0419_biggan/val/nature/ILSVRC2012_val_00016113.JPEG,0,0,0.0005723804351873696
/workspace/benchmarks_ai_research/data/genimage/biggan/imagenet_ai_0419_biggan/val/ai/933_biggan_00035.png,1,1,0.9938879609107971
/workspace/benchmarks_ai_research/data/genimage/biggan/imagenet_ai_0419_biggan/val/nature/ILSVRC2012_val_00045111.JPEG,0,0,4.642257408704609e-05
/workspace/benchmarks_ai_research/data/genimage/biggan/imagenet_ai_0419_biggan/val/nature/ILSVRC2012_val_00033760.JPEG,0,0,0.001965374918654561
/workspace/benchmarks_ai_research/data/genimage/biggan/imagenet_ai_0419_biggan/val/ai/780_biggan_00035.png,1,1,0.991091251373291
/workspace/benchmarks_ai_research/data/genimage/biggan/imagenet_ai_0419_biggan/val/ai/640_biggan_00127.png,1,0,0.3282787799835205
/workspace/benchmarks_ai_research/data/genimage/biggan/imagenet_ai_0419_biggan/val/ai/426_biggan_00035.png,1,1,0.9975537657737732
/workspace/benchmarks_ai_research/data/genimage/biggan/imagenet_ai_0419_biggan/val/ai/380_biggan_00143.png,1,1,0.999518871307373
/workspace/benchmarks_ai_research/data/genimage/biggan/imagenet_ai_0419_biggan/val/ai/743_biggan_00127.png,1,1,0.9994210004806519
/workspace/benchmarks_ai_research/data/genimage/biggan/imagenet_ai_0419_biggan/val/ai/740_biggan_00143.png,1,1,0.9993628859519958
/workspace/benchmarks_ai_research/data/genimage/biggan/imagenet_ai_0419_biggan/val/ai/753_biggan_00035.png,1,1,0.9056702852249146
/workspace/benchmarks_ai_research/data/genimage/biggan/imagenet_ai_0419_biggan/val/nature/ILSVRC2012_val_00031319.JPEG,0,0,0.006649554241448641
/workspace/benchmarks_ai_research/data/genimage/biggan/imagenet_ai_0419_biggan/val/ai/296_biggan_00035.png,1,1,0.523849606513977
/workspace/benchmarks_ai_research/data/genimage/biggan/imagenet_ai_0419_biggan/val/ai/826_biggan_00143.png,1,1,0.9998601675033569
/workspace/benchmarks_ai_research/data/genimage/biggan/imagenet_ai_0419_biggan/val/ai/126_biggan_00074.png,1,0,0.10834220796823502
/workspace/benchmarks_ai_research/data/genimage/biggan/imagenet_ai_0419_biggan/val/nature/ILSVRC2012_val_00027588.JPEG,0,0,0.00022209828603081405
/workspace/benchmarks_ai_research/data/genimage/biggan/imagenet_ai_0419_biggan/val/ai/634_biggan_00020.png,1,0,0.050695110112428665
/workspace/benchmarks_ai_research/data/genimage/biggan/imagenet_ai_0419_biggan/val/ai/007_biggan_00127.png,1,1,0.9999878406524658
/workspace/benchmarks_ai_research/data/genimage/biggan/imagenet_ai_0419_biggan/val/nature/ILSVRC2012_val_00023089.JPEG,0,0,0.00040017784340307117
/workspace/benchmarks_ai_research/data/genimage/biggan/imagenet_ai_0419_biggan/val/nature/ILSVRC2012_val_00030928.JPEG,0,0,0.04215531423687935
/workspace/benchmarks_ai_research/data/genimage/biggan/imagenet_ai_0419_biggan/val/nature/ILSVRC2012_val_00044259.JPEG,0,0,0.0010375570273026824
/workspace/benchmarks_ai_research/data/genimage/biggan/imagenet_ai_0419_biggan/val/ai/035_biggan_00127.png,1,1,0.5626688599586487
/workspace/benchmarks_ai_research/data/genimage/biggan/imagenet_ai_0419_biggan/val/ai/381_biggan_00074.png,1,1,0.9249938130378723
/workspace/benchmarks_ai_research/data/genimage/biggan/imagenet_ai_0419_biggan/val/ai/410_biggan_00143.png,1,1,0.9998941421508789
/workspace/benchmarks_ai_research/data/genimage/biggan/imagenet_ai_0419_biggan/val/ai/338_biggan_00035.png,1,1,0.998593270778656
/workspace/benchmarks_ai_research/data/genimage/biggan/imagenet_ai_0419_biggan/val/nature/ILSVRC2012_val_00023390.JPEG,0,0,0.014581277035176754
/workspace/benchmarks_ai_research/data/genimage/biggan/imagenet_ai_0419_biggan/val/ai/627_biggan_00143.png,1,1,0.9992913007736206
/workspace/benchmarks_ai_research/data/genimage/biggan/imagenet_ai_0419_biggan/val/nature/ILSVRC2012_val_00024796.JPEG,0,0,2.3237505956785753e-05
/workspace/benchmarks_ai_research/data/genimage/biggan/imagenet_ai_0419_biggan/val/ai/378_biggan_00020.png,1,0,0.08596108853816986
/workspace/benchmarks_ai_research/data/genimage/biggan/imagenet_ai_0419_biggan/val/ai/478_biggan_00143.png,1,1,0.9999452829360962
/workspace/benchmarks_ai_research/data/genimage/biggan/imagenet_ai_0419_biggan/val/ai/904_biggan_00127.png,1,1,0.9998561143875122
/workspace/benchmarks_ai_research/data/genimage/biggan/imagenet_ai_0419_biggan/val/ai/528_biggan_00039.png,1,1,0.9967488050460815
/workspace/benchmarks_ai_research/data/genimage/biggan/imagenet_ai_0419_biggan/val/nature/ILSVRC2012_val_00040691.JPEG,0,0,0.0027604089118540287
/workspace/benchmarks_ai_research/data/genimage/biggan/imagenet_ai_0419_biggan/val/ai/334_biggan_00143.png,1,0,0.006204746197909117
/workspace/benchmarks_ai_research/data/genimage/biggan/imagenet_ai_0419_biggan/val/ai/673_biggan_00035.png,1,1,0.999890923500061
/workspace/benchmarks_ai_research/data/genimage/biggan/imagenet_ai_0419_biggan/val/ai/715_biggan_00039.png,1,1,0.9999947547912598
/workspace/benchmarks_ai_research/data/genimage/biggan/imagenet_ai_0419_biggan/val/nature/ILSVRC2012_val_00007937.JPEG,0,0,0.0010659644613042474
/workspace/benchmarks_ai_research/data/genimage/biggan/imagenet_ai_0419_biggan/val/nature/ILSVRC2012_val_00019569.JPEG,0,0,0.0034297360107302666
/workspace/benchmarks_ai_research/data/genimage/biggan/imagenet_ai_0419_biggan/val/ai/448_biggan_00074.png,1,1,0.9993864297866821
/workspace/benchmarks_ai_research/data/genimage/biggan/imagenet_ai_0419_biggan/val/nature/ILSVRC2012_val_00010397.JPEG,0,0,0.0001597621157998219
/workspace/benchmarks_ai_research/data/genimage/biggan/imagenet_ai_0419_biggan/val/ai/192_biggan_00020.png,1,0,0.14873702824115753
/workspace/benchmarks_ai_research/data/genimage/biggan/imagenet_ai_0419_biggan/val/ai/558_biggan_00020.png,1,1,0.9993168115615845
/workspace/benchmarks_ai_research/data/genimage/biggan/imagenet_ai_0419_biggan/val/ai/282_biggan_00143.png,1,1,0.9944578409194946
/workspace/benchmarks_ai_research/data/genimage/biggan/imagenet_ai_0419_biggan/val/ai/092_biggan_00035.png,1,1,0.9857087135314941
/workspace/benchmarks_ai_research/data/genimage/biggan/imagenet_ai_0419_biggan/val/ai/921_biggan_00127.png,1,1,0.9956609606742859
/workspace/benchmarks_ai_research/data/genimage/biggan/imagenet_ai_0419_biggan/val/nature/ILSVRC2012_val_00027000.JPEG,0,0,4.531669219431933e-06
/workspace/benchmarks_ai_research/data/genimage/biggan/imagenet_ai_0419_biggan/val/ai/863_biggan_00035.png,1,1,0.9999951124191284
/workspace/benchmarks_ai_research/data/genimage/biggan/imagenet_ai_0419_biggan/val/nature/ILSVRC2012_val_00011281.JPEG,0,0,0.007447526790201664
/workspace/benchmarks_ai_research/data/genimage/biggan/imagenet_ai_0419_biggan/val/nature/ILSVRC2012_val_00030940.JPEG,0,0,0.0006576718296855688
/workspace/benchmarks_ai_research/data/genimage/biggan/imagenet_ai_0419_biggan/val/ai/081_biggan_00039.png,1,0,0.06884623318910599
/workspace/benchmarks_ai_research/data/genimage/biggan/imagenet_ai_0419_biggan/val/ai/033_biggan_00039.png,1,1,0.998729407787323
/workspace/benchmarks_ai_research/data/genimage/biggan/imagenet_ai_0419_biggan/val/ai/283_biggan_00143.png,1,0,0.04219129681587219
/workspace/benchmarks_ai_research/data/genimage/biggan/imagenet_ai_0419_biggan/val/nature/ILSVRC2012_val_00042144.JPEG,0,0,8.086684829322621e-06
/workspace/benchmarks_ai_research/data/genimage/biggan/imagenet_ai_0419_biggan/val/nature/ILSVRC2012_val_00032194.JPEG,0,0,0.00018656201427802444
/workspace/benchmarks_ai_research/data/genimage/biggan/imagenet_ai_0419_biggan/val/nature/ILSVRC2012_val_00026522.JPEG,0,0,0.01603928953409195
/workspace/benchmarks_ai_research/data/genimage/biggan/imagenet_ai_0419_biggan/val/ai/095_biggan_00035.png,1,1,0.9998254179954529
/workspace/benchmarks_ai_research/data/genimage/biggan/imagenet_ai_0419_biggan/val/nature/ILSVRC2012_val_00022870.JPEG,0,0,0.001212876639328897
/workspace/benchmarks_ai_research/data/genimage/biggan/imagenet_ai_0419_biggan/val/nature/ILSVRC2012_val_00004649.JPEG,0,0,0.04589428752660751
/workspace/benchmarks_ai_research/data/genimage/biggan/imagenet_ai_0419_biggan/val/ai/665_biggan_00020.png,1,1,0.9676727652549744
/workspace/benchmarks_ai_research/data/genimage/biggan/imagenet_ai_0419_biggan/val/nature/ILSVRC2012_val_00024912.JPEG,0,0,0.0029309203382581472
/workspace/benchmarks_ai_research/data/genimage/biggan/imagenet_ai_0419_biggan/val/ai/882_biggan_00020.png,1,1,0.999983549118042
/workspace/benchmarks_ai_research/data/genimage/biggan/imagenet_ai_0419_biggan/val/nature/ILSVRC2012_val_00022466.JPEG,0,0,0.01922120340168476
/workspace/benchmarks_ai_research/data/genimage/biggan/imagenet_ai_0419_biggan/val/nature/ILSVRC2012_val_00040570.JPEG,0,0,0.018734531477093697
/workspace/benchmarks_ai_research/data/genimage/biggan/imagenet_ai_0419_biggan/val/nature/ILSVRC2012_val_00038193.JPEG,0,0,0.013474022038280964
/workspace/benchmarks_ai_research/data/genimage/biggan/imagenet_ai_0419_biggan/val/nature/ILSVRC2012_val_00024780.JPEG,0,0,0.00034963805228471756
/workspace/benchmarks_ai_research/data/genimage/biggan/imagenet_ai_0419_biggan/val/nature/ILSVRC2012_val_00029507.JPEG,0,0,0.30282169580459595
/workspace/benchmarks_ai_research/data/genimage/biggan/imagenet_ai_0419_biggan/val/nature/ILSVRC2012_val_00049790.JPEG,0,0,0.03267631307244301
/workspace/benchmarks_ai_research/data/genimage/biggan/imagenet_ai_0419_biggan/val/nature/ILSVRC2012_val_00032696.JPEG,0,0,2.4382125047850423e-06
/workspace/benchmarks_ai_research/data/genimage/biggan/imagenet_ai_0419_biggan/val/nature/ILSVRC2012_val_00020575.JPEG,0,0,0.4168317914009094
/workspace/benchmarks_ai_research/data/genimage/biggan/imagenet_ai_0419_biggan/val/nature/ILSVRC2012_val_00037870.JPEG,0,0,0.00047336265561170876
/workspace/benchmarks_ai_research/data/genimage/biggan/imagenet_ai_0419_biggan/val/nature/ILSVRC2012_val_00045691.JPEG,0,0,5.438273728941567e-05
/workspace/benchmarks_ai_research/data/genimage/biggan/imagenet_ai_0419_biggan/val/nature/ILSVRC2012_val_00031990.JPEG,0,0,0.0008495798683725297
/workspace/benchmarks_ai_research/data/genimage/biggan/imagenet_ai_0419_biggan/val/nature/ILSVRC2012_val_00029719.JPEG,0,0,0.02706562541425228
/workspace/benchmarks_ai_research/data/genimage/biggan/imagenet_ai_0419_biggan/val/ai/309_biggan_00039.png,1,1,0.9882141351699829
/workspace/benchmarks_ai_research/data/genimage/biggan/imagenet_ai_0419_biggan/val/ai/282_biggan_00039.png,1,1,0.9909919500350952
/workspace/benchmarks_ai_research/data/genimage/biggan/imagenet_ai_0419_biggan/val/nature/ILSVRC2012_val_00007885.JPEG,0,1,0.9923363327980042
/workspace/benchmarks_ai_research/data/genimage/biggan/imagenet_ai_0419_biggan/val/nature/ILSVRC2012_val_00013312.JPEG,0,0,0.001171413459815085
/workspace/benchmarks_ai_research/data/genimage/biggan/imagenet_ai_0419_biggan/val/nature/ILSVRC2012_val_00021500.JPEG,0,0,1.5428171309395111e-06
/workspace/benchmarks_ai_research/data/genimage/biggan/imagenet_ai_0419_biggan/val/nature/ILSVRC2012_val_00037593.JPEG,0,0,2.0870082153123803e-05
/workspace/benchmarks_ai_research/data/genimage/biggan/imagenet_ai_0419_biggan/val/nature/ILSVRC2012_val_00012394.JPEG,0,0,0.00030024826992303133
/workspace/benchmarks_ai_research/data/genimage/biggan/imagenet_ai_0419_biggan/val/ai/469_biggan_00035.png,1,1,0.9749568700790405
/workspace/benchmarks_ai_research/data/genimage/biggan/imagenet_ai_0419_biggan/val/nature/ILSVRC2012_val_00011787.JPEG,0,0,0.0015568288508802652
/workspace/benchmarks_ai_research/data/genimage/biggan/imagenet_ai_0419_biggan/val/nature/ILSVRC2012_val_00035499.JPEG,0,0,0.0004983211401849985
/workspace/benchmarks_ai_research/data/genimage/biggan/imagenet_ai_0419_biggan/val/ai/166_biggan_00143.png,1,1,0.9990935325622559
/workspace/benchmarks_ai_research/data/genimage/biggan/imagenet_ai_0419_biggan/val/nature/ILSVRC2012_val_00032754.JPEG,0,0,0.005547570064663887
/workspace/benchmarks_ai_research/data/genimage/biggan/imagenet_ai_0419_biggan/val/nature/ILSVRC2012_val_00040515.JPEG,0,0,0.00015711803280282766
/workspace/benchmarks_ai_research/data/genimage/biggan/imagenet_ai_0419_biggan/val/nature/ILSVRC2012_val_00009835.JPEG,0,0,0.08632531762123108
/workspace/benchmarks_ai_research/data/genimage/biggan/imagenet_ai_0419_biggan/val/nature/ILSVRC2012_val_00049052.JPEG,0,0,7.88459146860987e-06
/workspace/benchmarks_ai_research/data/genimage/biggan/imagenet_ai_0419_biggan/val/ai/574_biggan_00035.png,1,1,0.7964543700218201
/workspace/benchmarks_ai_research/data/genimage/biggan/imagenet_ai_0419_biggan/val/ai/577_biggan_00143.png,1,1,0.9942684173583984
/workspace/benchmarks_ai_research/data/genimage/biggan/imagenet_ai_0419_biggan/val/ai/968_biggan_00143.png,1,1,0.9827096462249756
/workspace/benchmarks_ai_research/data/genimage/biggan/imagenet_ai_0419_biggan/val/ai/494_biggan_00020.png,1,1,0.7068448662757874
/workspace/benchmarks_ai_research/data/genimage/biggan/imagenet_ai_0419_biggan/val/ai/359_biggan_00143.png,1,1,0.9870030283927917
/workspace/benchmarks_ai_research/data/genimage/biggan/imagenet_ai_0419_biggan/val/nature/ILSVRC2012_val_00008053.JPEG,0,0,2.63503534370102e-05
/workspace/benchmarks_ai_research/data/genimage/biggan/imagenet_ai_0419_biggan/val/ai/173_biggan_00127.png,1,1,0.6552239656448364
/workspace/benchmarks_ai_research/data/genimage/biggan/imagenet_ai_0419_biggan/val/nature/ILSVRC2012_val_00019743.JPEG,0,0,0.000439389084931463
/workspace/benchmarks_ai_research/data/genimage/biggan/imagenet_ai_0419_biggan/val/nature/ILSVRC2012_val_00006523.JPEG,0,0,0.0002393858740106225
/workspace/benchmarks_ai_research/data/genimage/biggan/imagenet_ai_0419_biggan/val/ai/459_biggan_00127.png,1,1,0.9999791383743286
/workspace/benchmarks_ai_research/data/genimage/biggan/imagenet_ai_0419_biggan/val/ai/888_biggan_00127.png,1,1,0.8797576427459717
/workspace/benchmarks_ai_research/data/genimage/biggan/imagenet_ai_0419_biggan/val/nature/ILSVRC2012_val_00037209.JPEG,0,0,0.12418677657842636
/workspace/benchmarks_ai_research/data/genimage/biggan/imagenet_ai_0419_biggan/val/nature/ILSVRC2012_val_00031738.JPEG,0,0,1.1071162589360029e-05
/workspace/benchmarks_ai_research/data/genimage/biggan/imagenet_ai_0419_biggan/val/ai/573_biggan_00127.png,1,0,0.13574177026748657
/workspace/benchmarks_ai_research/data/genimage/biggan/imagenet_ai_0419_biggan/val/nature/ILSVRC2012_val_00031588.JPEG,0,0,0.00015838562103454024
/workspace/benchmarks_ai_research/data/genimage/biggan/imagenet_ai_0419_biggan/val/ai/607_biggan_00035.png,1,0,0.01756579428911209
/workspace/benchmarks_ai_research/data/genimage/biggan/imagenet_ai_0419_biggan/val/ai/332_biggan_00074.png,1,0,0.4767535328865051
/workspace/benchmarks_ai_research/data/genimage/biggan/imagenet_ai_0419_biggan/val/nature/ILSVRC2012_val_00048615.JPEG,0,0,5.478823368321173e-05
/workspace/benchmarks_ai_research/data/genimage/biggan/imagenet_ai_0419_biggan/val/ai/514_biggan_00074.png,1,1,0.7551752328872681
/workspace/benchmarks_ai_research/data/genimage/biggan/imagenet_ai_0419_biggan/val/nature/ILSVRC2012_val_00013798.JPEG,0,0,0.009675725363194942
/workspace/benchmarks_ai_research/data/genimage/biggan/imagenet_ai_0419_biggan/val/nature/ILSVRC2012_val_00012806.JPEG,0,0,0.002148695755749941
/workspace/benchmarks_ai_research/data/genimage/biggan/imagenet_ai_0419_biggan/val/ai/586_biggan_00074.png,1,1,0.9994522929191589
/workspace/benchmarks_ai_research/data/genimage/biggan/imagenet_ai_0419_biggan/val/nature/ILSVRC2012_val_00032987.JPEG,0,0,0.00029314690618775785
/workspace/benchmarks_ai_research/data/genimage/biggan/imagenet_ai_0419_biggan/val/ai/581_biggan_00039.png,1,1,0.9949445128440857
/workspace/benchmarks_ai_research/data/genimage/biggan/imagenet_ai_0419_biggan/val/ai/065_biggan_00074.png,1,1,0.9971601963043213
/workspace/benchmarks_ai_research/data/genimage/biggan/imagenet_ai_0419_biggan/val/nature/ILSVRC2012_val_00004539.JPEG,0,0,0.0027827583253383636
/workspace/benchmarks_ai_research/data/genimage/biggan/imagenet_ai_0419_biggan/val/nature/ILSVRC2012_val_00012487.JPEG,0,0,0.0004785122873727232
/workspace/benchmarks_ai_research/data/genimage/biggan/imagenet_ai_0419_biggan/val/ai/998_biggan_00127.png,1,1,0.9929846525192261
/workspace/benchmarks_ai_research/data/genimage/biggan/imagenet_ai_0419_biggan/val/nature/ILSVRC2012_val_00025292.JPEG,0,0,3.3173350857396144e-06
/workspace/benchmarks_ai_research/data/genimage/biggan/imagenet_ai_0419_biggan/val/nature/ILSVRC2012_val_00045491.JPEG,0,0,0.0013678253162652254
/workspace/benchmarks_ai_research/data/genimage/biggan/imagenet_ai_0419_biggan/val/nature/ILSVRC2012_val_00047222.JPEG,0,0,0.0023795233573764563
/workspace/benchmarks_ai_research/data/genimage/biggan/imagenet_ai_0419_biggan/val/nature/ILSVRC2012_val_00015057.JPEG,0,0,0.00047428178368136287
/workspace/benchmarks_ai_research/data/genimage/biggan/imagenet_ai_0419_biggan/val/nature/ILSVRC2012_val_00017687.JPEG,0,0,2.792783016047906e-05
/workspace/benchmarks_ai_research/data/genimage/biggan/imagenet_ai_0419_biggan/val/ai/838_biggan_00143.png,1,1,0.9976693987846375
/workspace/benchmarks_ai_research/data/genimage/biggan/imagenet_ai_0419_biggan/val/ai/501_biggan_00143.png,1,1,0.994608998298645
/workspace/benchmarks_ai_research/data/genimage/biggan/imagenet_ai_0419_biggan/val/nature/ILSVRC2012_val_00041785.JPEG,0,0,0.04271853342652321
/workspace/benchmarks_ai_research/data/genimage/biggan/imagenet_ai_0419_biggan/val/nature/ILSVRC2012_val_00026266.JPEG,0,0,0.000138845294713974
/workspace/benchmarks_ai_research/data/genimage/biggan/imagenet_ai_0419_biggan/val/nature/ILSVRC2012_val_00000424.JPEG,0,0,0.006070443894714117
/workspace/benchmarks_ai_research/data/genimage/biggan/imagenet_ai_0419_biggan/val/ai/704_biggan_00039.png,1,1,0.9422682523727417
/workspace/benchmarks_ai_research/data/genimage/biggan/imagenet_ai_0419_biggan/val/nature/ILSVRC2012_val_00002805.JPEG,0,0,0.0047494214959442616
/workspace/benchmarks_ai_research/data/genimage/biggan/imagenet_ai_0419_biggan/val/ai/072_biggan_00127.png,1,0,0.2133464813232422
/workspace/benchmarks_ai_research/data/genimage/biggan/imagenet_ai_0419_biggan/val/ai/538_biggan_00143.png,1,1,0.7175681591033936
/workspace/benchmarks_ai_research/data/genimage/biggan/imagenet_ai_0419_biggan/val/ai/169_biggan_00039.png,1,0,0.1544952392578125
/workspace/benchmarks_ai_research/data/genimage/biggan/imagenet_ai_0419_biggan/val/nature/ILSVRC2012_val_00006902.JPEG,0,0,0.001641671173274517
/workspace/benchmarks_ai_research/data/genimage/biggan/imagenet_ai_0419_biggan/val/nature/ILSVRC2012_val_00026154.JPEG,0,0,1.77235015144106e-05
/workspace/benchmarks_ai_research/data/genimage/biggan/imagenet_ai_0419_biggan/val/nature/ILSVRC2012_val_00006249.JPEG,0,0,0.0044362302869558334
/workspace/benchmarks_ai_research/data/genimage/biggan/imagenet_ai_0419_biggan/val/nature/ILSVRC2012_val_00015558.JPEG,0,0,0.0003897877468261868
/workspace/benchmarks_ai_research/data/genimage/biggan/imagenet_ai_0419_biggan/val/ai/335_biggan_00020.png,1,0,0.0632781833410263
/workspace/benchmarks_ai_research/data/genimage/biggan/imagenet_ai_0419_biggan/val/ai/818_biggan_00127.png,1,1,0.9947799444198608
/workspace/benchmarks_ai_research/data/genimage/biggan/imagenet_ai_0419_biggan/val/nature/ILSVRC2012_val_00015423.JPEG,0,0,0.005062538664788008
/workspace/benchmarks_ai_research/data/genimage/biggan/imagenet_ai_0419_biggan/val/ai/521_biggan_00035.png,1,1,0.9999622106552124
/workspace/benchmarks_ai_research/data/genimage/biggan/imagenet_ai_0419_biggan/val/ai/600_biggan_00039.png,1,1,0.9638881683349609
/workspace/benchmarks_ai_research/data/genimage/biggan/imagenet_ai_0419_biggan/val/ai/324_biggan_00020.png,1,0,0.06888530403375626
/workspace/benchmarks_ai_research/data/genimage/biggan/imagenet_ai_0419_biggan/val/ai/292_biggan_00039.png,1,1,0.8666361570358276
/workspace/benchmarks_ai_research/data/genimage/biggan/imagenet_ai_0419_biggan/val/nature/ILSVRC2012_val_00012179.JPEG,0,0,0.05264565348625183
/workspace/benchmarks_ai_research/data/genimage/biggan/imagenet_ai_0419_biggan/val/ai/053_biggan_00074.png,1,1,0.8658530712127686
/workspace/benchmarks_ai_research/data/genimage/biggan/imagenet_ai_0419_biggan/val/nature/ILSVRC2012_val_00015217.JPEG,0,0,0.0007841169717721641
/workspace/benchmarks_ai_research/data/genimage/biggan/imagenet_ai_0419_biggan/val/nature/ILSVRC2012_val_00023180.JPEG,0,0,0.00011591325892368332
/workspace/benchmarks_ai_research/data/genimage/biggan/imagenet_ai_0419_biggan/val/nature/ILSVRC2012_val_00036462.JPEG,0,0,0.018716691061854362
/workspace/benchmarks_ai_research/data/genimage/biggan/imagenet_ai_0419_biggan/val/nature/ILSVRC2012_val_00014074.JPEG,0,0,0.0012178127653896809
/workspace/benchmarks_ai_research/data/genimage/biggan/imagenet_ai_0419_biggan/val/nature/ILSVRC2012_val_00011217.JPEG,0,0,0.0005790874129161239
/workspace/benchmarks_ai_research/data/genimage/biggan/imagenet_ai_0419_biggan/val/ai/070_biggan_00143.png,1,1,0.9960973858833313
/workspace/benchmarks_ai_research/data/genimage/biggan/imagenet_ai_0419_biggan/val/nature/ILSVRC2012_val_00045143.JPEG,0,0,0.0016238001408055425
/workspace/benchmarks_ai_research/data/genimage/biggan/imagenet_ai_0419_biggan/val/ai/368_biggan_00035.png,1,1,0.9991171956062317
/workspace/benchmarks_ai_research/data/genimage/biggan/imagenet_ai_0419_biggan/val/nature/ILSVRC2012_val_00003820.JPEG,0,0,0.09242105484008789
/workspace/benchmarks_ai_research/data/genimage/biggan/imagenet_ai_0419_biggan/val/nature/ILSVRC2012_val_00023706.JPEG,0,0,0.0002914714568760246
/workspace/benchmarks_ai_research/data/genimage/biggan/imagenet_ai_0419_biggan/val/nature/ILSVRC2012_val_00049690.JPEG,0,1,0.7128272652626038
/workspace/benchmarks_ai_research/data/genimage/biggan/imagenet_ai_0419_biggan/val/ai/164_biggan_00039.png,1,1,0.9941936135292053
/workspace/benchmarks_ai_research/data/genimage/biggan/imagenet_ai_0419_biggan/val/ai/403_biggan_00020.png,1,1,0.9838873744010925
/workspace/benchmarks_ai_research/data/genimage/biggan/imagenet_ai_0419_biggan/val/ai/814_biggan_00035.png,1,1,0.9011632800102234
/workspace/benchmarks_ai_research/data/genimage/biggan/imagenet_ai_0419_biggan/val/nature/ILSVRC2012_val_00023482.JPEG,0,0,0.011308510787785053
/workspace/benchmarks_ai_research/data/genimage/biggan/imagenet_ai_0419_biggan/val/ai/859_biggan_00020.png,1,1,0.9999947547912598
/workspace/benchmarks_ai_research/data/genimage/biggan/imagenet_ai_0419_biggan/val/ai/660_biggan_00143.png,1,1,0.9944666028022766
/workspace/benchmarks_ai_research/data/genimage/biggan/imagenet_ai_0419_biggan/val/ai/819_biggan_00127.png,1,1,0.9999585151672363
/workspace/benchmarks_ai_research/data/genimage/biggan/imagenet_ai_0419_biggan/val/nature/ILSVRC2012_val_00030517.JPEG,0,0,0.0010091729927808046
/workspace/benchmarks_ai_research/data/genimage/biggan/imagenet_ai_0419_biggan/val/ai/813_biggan_00127.png,1,1,0.9999998807907104
/workspace/benchmarks_ai_research/data/genimage/biggan/imagenet_ai_0419_biggan/val/nature/ILSVRC2012_val_00012317.JPEG,0,0,0.002415311988443136
/workspace/benchmarks_ai_research/data/genimage/biggan/imagenet_ai_0419_biggan/val/ai/731_biggan_00074.png,1,1,0.9999974966049194
/workspace/benchmarks_ai_research/data/genimage/biggan/imagenet_ai_0419_biggan/val/ai/337_biggan_00127.png,1,1,0.9100115299224854
/workspace/benchmarks_ai_research/data/genimage/biggan/imagenet_ai_0419_biggan/val/ai/402_biggan_00143.png,1,1,0.999998927116394
/workspace/benchmarks_ai_research/data/genimage/biggan/imagenet_ai_0419_biggan/val/nature/ILSVRC2012_val_00012390.JPEG,0,0,0.0003681133093778044
/workspace/benchmarks_ai_research/data/genimage/biggan/imagenet_ai_0419_biggan/val/nature/ILSVRC2012_val_00011552.JPEG,0,0,3.9802107494324446e-05
/workspace/benchmarks_ai_research/data/genimage/biggan/imagenet_ai_0419_biggan/val/ai/094_biggan_00143.png,1,1,0.9984397292137146
/workspace/benchmarks_ai_research/data/genimage/biggan/imagenet_ai_0419_biggan/val/nature/ILSVRC2012_val_00023004.JPEG,0,0,2.1073165044072084e-06
/workspace/benchmarks_ai_research/data/genimage/biggan/imagenet_ai_0419_biggan/val/nature/ILSVRC2012_val_00024658.JPEG,0,0,7.749382348265499e-05
/workspace/benchmarks_ai_research/data/genimage/biggan/imagenet_ai_0419_biggan/val/nature/ILSVRC2012_val_00016124.JPEG,0,0,0.00011760501365642995
/workspace/benchmarks_ai_research/data/genimage/biggan/imagenet_ai_0419_biggan/val/ai/984_biggan_00127.png,1,1,0.5032262802124023
/workspace/benchmarks_ai_research/data/genimage/biggan/imagenet_ai_0419_biggan/val/ai/855_biggan_00020.png,1,1,0.6389816999435425
/workspace/benchmarks_ai_research/data/genimage/biggan/imagenet_ai_0419_biggan/val/ai/140_biggan_00035.png,1,1,0.9304737448692322
/workspace/benchmarks_ai_research/data/genimage/biggan/imagenet_ai_0419_biggan/val/nature/ILSVRC2012_val_00044080.JPEG,0,0,0.0002657025761436671
/workspace/benchmarks_ai_research/data/genimage/biggan/imagenet_ai_0419_biggan/val/ai/806_biggan_00074.png,1,1,0.9940857887268066
/workspace/benchmarks_ai_research/data/genimage/biggan/imagenet_ai_0419_biggan/val/nature/ILSVRC2012_val_00044280.JPEG,0,0,8.284624345833436e-05
/workspace/benchmarks_ai_research/data/genimage/biggan/imagenet_ai_0419_biggan/val/nature/ILSVRC2012_val_00036207.JPEG,0,0,0.0012658071937039495
/workspace/benchmarks_ai_research/data/genimage/biggan/imagenet_ai_0419_biggan/val/nature/ILSVRC2012_val_00022643.JPEG,0,0,0.0001550655870232731
/workspace/benchmarks_ai_research/data/genimage/biggan/imagenet_ai_0419_biggan/val/ai/636_biggan_00020.png,1,1,0.9999990463256836
/workspace/benchmarks_ai_research/data/genimage/biggan/imagenet_ai_0419_biggan/val/ai/570_biggan_00039.png,1,1,0.9989126920700073
/workspace/benchmarks_ai_research/data/genimage/biggan/imagenet_ai_0419_biggan/val/nature/ILSVRC2012_val_00010278.JPEG,0,0,0.0672590583562851
/workspace/benchmarks_ai_research/data/genimage/biggan/imagenet_ai_0419_biggan/val/nature/ILSVRC2012_val_00048733.JPEG,0,0,5.578291165875271e-05
/workspace/benchmarks_ai_research/data/genimage/biggan/imagenet_ai_0419_biggan/val/ai/769_biggan_00035.png,1,1,0.990551233291626
/workspace/benchmarks_ai_research/data/genimage/biggan/imagenet_ai_0419_biggan/val/nature/ILSVRC2012_val_00015002.JPEG,0,0,9.678037895355374e-05
/workspace/benchmarks_ai_research/data/genimage/biggan/imagenet_ai_0419_biggan/val/ai/702_biggan_00143.png,1,1,0.9999279975891113
/workspace/benchmarks_ai_research/data/genimage/biggan/imagenet_ai_0419_biggan/val/ai/624_biggan_00143.png,1,1,0.9999948740005493
/workspace/benchmarks_ai_research/data/genimage/biggan/imagenet_ai_0419_biggan/val/nature/ILSVRC2012_val_00038359.JPEG,0,0,0.00012571683328133076
/workspace/benchmarks_ai_research/data/genimage/biggan/imagenet_ai_0419_biggan/val/ai/112_biggan_00039.png,1,1,0.9999959468841553
/workspace/benchmarks_ai_research/data/genimage/biggan/imagenet_ai_0419_biggan/val/ai/056_biggan_00020.png,1,0,0.1480061262845993
/workspace/benchmarks_ai_research/data/genimage/biggan/imagenet_ai_0419_biggan/val/nature/ILSVRC2012_val_00041631.JPEG,0,0,0.005661669187247753
/workspace/benchmarks_ai_research/data/genimage/biggan/imagenet_ai_0419_biggan/val/ai/125_biggan_00035.png,1,0,0.24325749278068542
/workspace/benchmarks_ai_research/data/genimage/biggan/imagenet_ai_0419_biggan/val/ai/505_biggan_00143.png,1,1,0.999930739402771
/workspace/benchmarks_ai_research/data/genimage/biggan/imagenet_ai_0419_biggan/val/ai/317_biggan_00127.png,1,1,0.9151901006698608
/workspace/benchmarks_ai_research/data/genimage/biggan/imagenet_ai_0419_biggan/val/nature/ILSVRC2012_val_00007986.JPEG,0,0,9.458637941861525e-05
/workspace/benchmarks_ai_research/data/genimage/biggan/imagenet_ai_0419_biggan/val/nature/ILSVRC2012_val_00033179.JPEG,0,0,0.03257206827402115
/workspace/benchmarks_ai_research/data/genimage/biggan/imagenet_ai_0419_biggan/val/nature/ILSVRC2012_val_00039247.JPEG,0,0,0.00020069966558367014
/workspace/benchmarks_ai_research/data/genimage/biggan/imagenet_ai_0419_biggan/val/nature/ILSVRC2012_val_00026697.JPEG,0,0,1.2859406524512451e-05
/workspace/benchmarks_ai_research/data/genimage/biggan/imagenet_ai_0419_biggan/val/ai/321_biggan_00127.png,1,0,0.39882972836494446
/workspace/benchmarks_ai_research/data/genimage/biggan/imagenet_ai_0419_biggan/val/nature/ILSVRC2012_val_00041057.JPEG,0,0,4.4258001707930816e-08
/workspace/benchmarks_ai_research/data/genimage/biggan/imagenet_ai_0419_biggan/val/nature/ILSVRC2012_val_00000333.JPEG,0,0,0.00027162968763150275
/workspace/benchmarks_ai_research/data/genimage/biggan/imagenet_ai_0419_biggan/val/ai/364_biggan_00035.png,1,1,0.9999556541442871
/workspace/benchmarks_ai_research/data/genimage/biggan/imagenet_ai_0419_biggan/val/nature/ILSVRC2012_val_00029828.JPEG,0,0,0.005112870130687952
/workspace/benchmarks_ai_research/data/genimage/biggan/imagenet_ai_0419_biggan/val/ai/125_biggan_00074.png,1,1,0.8910521268844604
/workspace/benchmarks_ai_research/data/genimage/biggan/imagenet_ai_0419_biggan/val/nature/ILSVRC2012_val_00008435.JPEG,0,0,0.0005712239653803408
/workspace/benchmarks_ai_research/data/genimage/biggan/imagenet_ai_0419_biggan/val/ai/159_biggan_00035.png,1,1,0.832003116607666
/workspace/benchmarks_ai_research/data/genimage/biggan/imagenet_ai_0419_biggan/val/ai/303_biggan_00035.png,1,1,0.9238937497138977
/workspace/benchmarks_ai_research/data/genimage/biggan/imagenet_ai_0419_biggan/val/ai/688_biggan_00039.png,1,1,0.9995081424713135
/workspace/benchmarks_ai_research/data/genimage/biggan/imagenet_ai_0419_biggan/val/ai/088_biggan_00127.png,1,1,0.990692675113678
/workspace/benchmarks_ai_research/data/genimage/biggan/imagenet_ai_0419_biggan/val/nature/ILSVRC2012_val_00039770.JPEG,0,0,5.747802060795948e-05
/workspace/benchmarks_ai_research/data/genimage/biggan/imagenet_ai_0419_biggan/val/nature/ILSVRC2012_val_00031238.JPEG,0,0,5.2435807447182015e-05
/workspace/benchmarks_ai_research/data/genimage/biggan/imagenet_ai_0419_biggan/val/ai/235_biggan_00074.png,1,1,0.5963063836097717
/workspace/benchmarks_ai_research/data/genimage/biggan/imagenet_ai_0419_biggan/val/nature/ILSVRC2012_val_00032603.JPEG,0,0,0.0024117701686918736
/workspace/benchmarks_ai_research/data/genimage/biggan/imagenet_ai_0419_biggan/val/nature/ILSVRC2012_val_00001223.JPEG,0,0,0.0016304276650771499
/workspace/benchmarks_ai_research/data/genimage/biggan/imagenet_ai_0419_biggan/val/nature/ILSVRC2012_val_00017824.JPEG,0,0,0.0003671500307973474
/workspace/benchmarks_ai_research/data/genimage/biggan/imagenet_ai_0419_biggan/val/ai/027_biggan_00143.png,1,1,0.8728176951408386
/workspace/benchmarks_ai_research/data/genimage/biggan/imagenet_ai_0419_biggan/val/nature/ILSVRC2012_val_00001197.JPEG,0,0,0.0011541700223460793
/workspace/benchmarks_ai_research/data/genimage/biggan/imagenet_ai_0419_biggan/val/ai/031_biggan_00039.png,1,1,0.9894986152648926
/workspace/benchmarks_ai_research/data/genimage/biggan/imagenet_ai_0419_biggan/val/nature/ILSVRC2012_val_00040064.JPEG,0,0,6.768199000362074e-06
/workspace/benchmarks_ai_research/data/genimage/biggan/imagenet_ai_0419_biggan/val/ai/889_biggan_00143.png,1,1,0.999872088432312
/workspace/benchmarks_ai_research/data/genimage/biggan/imagenet_ai_0419_biggan/val/nature/ILSVRC2012_val_00003119.JPEG,0,0,0.03876221925020218
/workspace/benchmarks_ai_research/data/genimage/biggan/imagenet_ai_0419_biggan/val/nature/ILSVRC2012_val_00023836.JPEG,0,0,0.16383405029773712
/workspace/benchmarks_ai_research/data/genimage/biggan/imagenet_ai_0419_biggan/val/nature/ILSVRC2012_val_00020125.JPEG,0,0,0.0005969725316390395
/workspace/benchmarks_ai_research/data/genimage/biggan/imagenet_ai_0419_biggan/val/nature/ILSVRC2012_val_00004894.JPEG,0,0,2.998076524818316e-05
/workspace/benchmarks_ai_research/data/genimage/biggan/imagenet_ai_0419_biggan/val/nature/ILSVRC2012_val_00022802.JPEG,0,0,0.015417470596730709
/workspace/benchmarks_ai_research/data/genimage/biggan/imagenet_ai_0419_biggan/val/ai/827_biggan_00039.png,1,1,0.9999699592590332
/workspace/benchmarks_ai_research/data/genimage/biggan/imagenet_ai_0419_biggan/val/nature/ILSVRC2012_val_00033722.JPEG,0,0,0.0005962850991636515
/workspace/benchmarks_ai_research/data/genimage/biggan/imagenet_ai_0419_biggan/val/ai/377_biggan_00039.png,1,1,0.9998674392700195
/workspace/benchmarks_ai_research/data/genimage/biggan/imagenet_ai_0419_biggan/val/ai/695_biggan_00074.png,1,1,0.9999154806137085
/workspace/benchmarks_ai_research/data/genimage/biggan/imagenet_ai_0419_biggan/val/nature/ILSVRC2012_val_00034076.JPEG,0,0,0.1829698234796524
/workspace/benchmarks_ai_research/data/genimage/biggan/imagenet_ai_0419_biggan/val/ai/209_biggan_00020.png,1,0,0.48967787623405457
/workspace/benchmarks_ai_research/data/genimage/biggan/imagenet_ai_0419_biggan/val/nature/ILSVRC2012_val_00039756.JPEG,0,0,0.018686695024371147
/workspace/benchmarks_ai_research/data/genimage/biggan/imagenet_ai_0419_biggan/val/ai/418_biggan_00035.png,1,1,0.9998430013656616
/workspace/benchmarks_ai_research/data/genimage/biggan/imagenet_ai_0419_biggan/val/ai/121_biggan_00020.png,1,1,0.999935507774353
/workspace/benchmarks_ai_research/data/genimage/biggan/imagenet_ai_0419_biggan/val/ai/546_biggan_00074.png,1,1,0.9612340927124023
/workspace/benchmarks_ai_research/data/genimage/biggan/imagenet_ai_0419_biggan/val/nature/ILSVRC2012_val_00002429.JPEG,0,0,0.0001220305566675961
/workspace/benchmarks_ai_research/data/genimage/biggan/imagenet_ai_0419_biggan/val/nature/ILSVRC2012_val_00027607.JPEG,0,0,5.0133687182096764e-05
/workspace/benchmarks_ai_research/data/genimage/biggan/imagenet_ai_0419_biggan/val/nature/ILSVRC2012_val_00045889.JPEG,0,0,9.506101378065068e-06
/workspace/benchmarks_ai_research/data/genimage/biggan/imagenet_ai_0419_biggan/val/ai/270_biggan_00143.png,1,0,0.018793530762195587
/workspace/benchmarks_ai_research/data/genimage/biggan/imagenet_ai_0419_biggan/val/nature/ILSVRC2012_val_00005434.JPEG,0,0,1.5243294910760596e-06
/workspace/benchmarks_ai_research/data/genimage/biggan/imagenet_ai_0419_biggan/val/ai/590_biggan_00143.png,1,1,0.9132745265960693
/workspace/benchmarks_ai_research/data/genimage/biggan/imagenet_ai_0419_biggan/val/nature/ILSVRC2012_val_00002819.JPEG,0,0,0.10534577071666718
/workspace/benchmarks_ai_research/data/genimage/biggan/imagenet_ai_0419_biggan/val/nature/ILSVRC2012_val_00046632.JPEG,0,0,0.00020475665223784745
/workspace/benchmarks_ai_research/data/genimage/biggan/imagenet_ai_0419_biggan/val/nature/ILSVRC2012_val_00026300.JPEG,0,0,0.0006465452024713159
/workspace/benchmarks_ai_research/data/genimage/biggan/imagenet_ai_0419_biggan/val/nature/ILSVRC2012_val_00008961.JPEG,0,0,0.00036200633621774614
/workspace/benchmarks_ai_research/data/genimage/biggan/imagenet_ai_0419_biggan/val/nature/ILSVRC2012_val_00031434.JPEG,0,0,0.005845159757882357
/workspace/benchmarks_ai_research/data/genimage/biggan/imagenet_ai_0419_biggan/val/nature/ILSVRC2012_val_00027379.JPEG,0,0,0.01370582077652216
/workspace/benchmarks_ai_research/data/genimage/biggan/imagenet_ai_0419_biggan/val/ai/245_biggan_00039.png,1,1,0.9830188155174255
/workspace/benchmarks_ai_research/data/genimage/biggan/imagenet_ai_0419_biggan/val/ai/823_biggan_00020.png,1,1,0.9968829154968262
/workspace/benchmarks_ai_research/data/genimage/biggan/imagenet_ai_0419_biggan/val/nature/ILSVRC2012_val_00027122.JPEG,0,0,0.002169847721233964
/workspace/benchmarks_ai_research/data/genimage/biggan/imagenet_ai_0419_biggan/val/ai/964_biggan_00039.png,1,1,0.9985828399658203
/workspace/benchmarks_ai_research/data/genimage/biggan/imagenet_ai_0419_biggan/val/ai/916_biggan_00035.png,1,1,0.9670357704162598
/workspace/benchmarks_ai_research/data/genimage/biggan/imagenet_ai_0419_biggan/val/nature/ILSVRC2012_val_00004473.JPEG,0,0,2.9336149964365177e-05
/workspace/benchmarks_ai_research/data/genimage/biggan/imagenet_ai_0419_biggan/val/ai/496_biggan_00039.png,1,1,0.9675314426422119
/workspace/benchmarks_ai_research/data/genimage/biggan/imagenet_ai_0419_biggan/val/ai/129_biggan_00020.png,1,1,0.9653007984161377
/workspace/benchmarks_ai_research/data/genimage/biggan/imagenet_ai_0419_biggan/val/nature/ILSVRC2012_val_00031305.JPEG,0,0,0.007886759005486965
/workspace/benchmarks_ai_research/data/genimage/biggan/imagenet_ai_0419_biggan/val/nature/ILSVRC2012_val_00041138.JPEG,0,0,0.002787976758554578
/workspace/benchmarks_ai_research/data/genimage/biggan/imagenet_ai_0419_biggan/val/ai/058_biggan_00074.png,1,1,0.9250392913818359
/workspace/benchmarks_ai_research/data/genimage/biggan/imagenet_ai_0419_biggan/val/ai/227_biggan_00143.png,1,1,0.9967415928840637
/workspace/benchmarks_ai_research/data/genimage/biggan/imagenet_ai_0419_biggan/val/ai/474_biggan_00020.png,1,1,0.9915334582328796
/workspace/benchmarks_ai_research/data/genimage/biggan/imagenet_ai_0419_biggan/val/nature/ILSVRC2012_val_00042609.JPEG,0,0,0.00013603776460513473
/workspace/benchmarks_ai_research/data/genimage/biggan/imagenet_ai_0419_biggan/val/ai/460_biggan_00020.png,1,1,0.9745469689369202
/workspace/benchmarks_ai_research/data/genimage/biggan/imagenet_ai_0419_biggan/val/ai/783_biggan_00074.png,1,1,0.9656935334205627
/workspace/benchmarks_ai_research/data/genimage/biggan/imagenet_ai_0419_biggan/val/ai/177_biggan_00074.png,1,0,0.1958763748407364
/workspace/benchmarks_ai_research/data/genimage/biggan/imagenet_ai_0419_biggan/val/ai/081_biggan_00127.png,1,1,0.5753709673881531
/workspace/benchmarks_ai_research/data/genimage/biggan/imagenet_ai_0419_biggan/val/ai/647_biggan_00035.png,1,1,0.508751392364502
/workspace/benchmarks_ai_research/data/genimage/biggan/imagenet_ai_0419_biggan/val/nature/ILSVRC2012_val_00026596.JPEG,0,0,3.478190774330869e-05
/workspace/benchmarks_ai_research/data/genimage/biggan/imagenet_ai_0419_biggan/val/ai/516_biggan_00127.png,1,1,0.998765230178833
/workspace/benchmarks_ai_research/data/genimage/biggan/imagenet_ai_0419_biggan/val/ai/313_biggan_00039.png,1,1,0.9997702240943909
/workspace/benchmarks_ai_research/data/genimage/biggan/imagenet_ai_0419_biggan/val/ai/155_biggan_00039.png,1,1,0.9813675284385681
/workspace/benchmarks_ai_research/data/genimage/biggan/imagenet_ai_0419_biggan/val/ai/677_biggan_00143.png,1,0,0.06018318608403206
/workspace/benchmarks_ai_research/data/genimage/biggan/imagenet_ai_0419_biggan/val/ai/021_biggan_00035.png,1,0,0.09370671957731247
/workspace/benchmarks_ai_research/data/genimage/biggan/imagenet_ai_0419_biggan/val/ai/926_biggan_00143.png,1,1,0.9998679161071777
/workspace/benchmarks_ai_research/data/genimage/biggan/imagenet_ai_0419_biggan/val/nature/ILSVRC2012_val_00007124.JPEG,0,0,0.002252456732094288
/workspace/benchmarks_ai_research/data/genimage/biggan/imagenet_ai_0419_biggan/val/ai/906_biggan_00020.png,1,1,0.9992653727531433
/workspace/benchmarks_ai_research/data/genimage/biggan/imagenet_ai_0419_biggan/val/ai/146_biggan_00143.png,1,0,0.4273562431335449
/workspace/benchmarks_ai_research/data/genimage/biggan/imagenet_ai_0419_biggan/val/ai/681_biggan_00035.png,1,1,0.9981343150138855
/workspace/benchmarks_ai_research/data/genimage/biggan/imagenet_ai_0419_biggan/val/ai/206_biggan_00074.png,1,1,0.9958670139312744
/workspace/benchmarks_ai_research/data/genimage/biggan/imagenet_ai_0419_biggan/val/ai/425_biggan_00020.png,1,1,0.9887680411338806
/workspace/benchmarks_ai_research/data/genimage/biggan/imagenet_ai_0419_biggan/val/nature/ILSVRC2012_val_00003182.JPEG,0,0,0.0001887938560685143
/workspace/benchmarks_ai_research/data/genimage/biggan/imagenet_ai_0419_biggan/val/ai/055_biggan_00020.png,1,1,0.9948834776878357
/workspace/benchmarks_ai_research/data/genimage/biggan/imagenet_ai_0419_biggan/val/nature/ILSVRC2012_val_00040228.JPEG,0,0,4.51016312581487e-05
/workspace/benchmarks_ai_research/data/genimage/biggan/imagenet_ai_0419_biggan/val/ai/692_biggan_00143.png,1,1,0.9983441829681396
/workspace/benchmarks_ai_research/data/genimage/biggan/imagenet_ai_0419_biggan/val/ai/498_biggan_00020.png,1,1,0.9823887944221497
/workspace/benchmarks_ai_research/data/genimage/biggan/imagenet_ai_0419_biggan/val/nature/ILSVRC2012_val_00002942.JPEG,0,0,0.0036329806316643953
/workspace/benchmarks_ai_research/data/genimage/biggan/imagenet_ai_0419_biggan/val/nature/ILSVRC2012_val_00033761.JPEG,0,0,1.1443838729974232e-06
/workspace/benchmarks_ai_research/data/genimage/biggan/imagenet_ai_0419_biggan/val/nature/ILSVRC2012_val_00030926.JPEG,0,0,3.395732710487209e-05
/workspace/benchmarks_ai_research/data/genimage/biggan/imagenet_ai_0419_biggan/val/ai/268_biggan_00127.png,1,1,0.9691967368125916
/workspace/benchmarks_ai_research/data/genimage/biggan/imagenet_ai_0419_biggan/val/ai/779_biggan_00020.png,1,1,0.9700798392295837
/workspace/benchmarks_ai_research/data/genimage/biggan/imagenet_ai_0419_biggan/val/nature/ILSVRC2012_val_00024907.JPEG,0,0,0.025430571287870407
/workspace/benchmarks_ai_research/data/genimage/biggan/imagenet_ai_0419_biggan/val/nature/ILSVRC2012_val_00016141.JPEG,0,0,4.681115387938917e-05
/workspace/benchmarks_ai_research/data/genimage/biggan/imagenet_ai_0419_biggan/val/nature/ILSVRC2012_val_00041757.JPEG,0,0,1.401214103680104e-05
/workspace/benchmarks_ai_research/data/genimage/biggan/imagenet_ai_0419_biggan/val/nature/ILSVRC2012_val_00003412.JPEG,0,0,0.011026567779481411
/workspace/benchmarks_ai_research/data/genimage/biggan/imagenet_ai_0419_biggan/val/ai/933_biggan_00127.png,1,1,0.9967249035835266
/workspace/benchmarks_ai_research/data/genimage/biggan/imagenet_ai_0419_biggan/val/ai/486_biggan_00127.png,1,1,0.9999954700469971
/workspace/benchmarks_ai_research/data/genimage/biggan/imagenet_ai_0419_biggan/val/nature/ILSVRC2012_val_00021081.JPEG,0,0,9.611898121875129e-07
/workspace/benchmarks_ai_research/data/genimage/biggan/imagenet_ai_0419_biggan/val/ai/719_biggan_00035.png,1,1,0.9510830044746399
/workspace/benchmarks_ai_research/data/genimage/biggan/imagenet_ai_0419_biggan/val/ai/787_biggan_00020.png,1,1,0.9992812275886536
/workspace/benchmarks_ai_research/data/genimage/biggan/imagenet_ai_0419_biggan/val/ai/562_biggan_00035.png,1,1,0.9994992017745972
/workspace/benchmarks_ai_research/data/genimage/biggan/imagenet_ai_0419_biggan/val/ai/104_biggan_00127.png,1,0,0.33966168761253357
/workspace/benchmarks_ai_research/data/genimage/biggan/imagenet_ai_0419_biggan/val/nature/ILSVRC2012_val_00008281.JPEG,0,0,0.0018478559795767069
/workspace/benchmarks_ai_research/data/genimage/biggan/imagenet_ai_0419_biggan/val/nature/ILSVRC2012_val_00039229.JPEG,0,0,0.0024396609514951706
/workspace/benchmarks_ai_research/data/genimage/biggan/imagenet_ai_0419_biggan/val/ai/476_biggan_00039.png,1,1,0.9999943971633911
/workspace/benchmarks_ai_research/data/genimage/biggan/imagenet_ai_0419_biggan/val/ai/377_biggan_00127.png,1,1,0.9916087985038757
/workspace/benchmarks_ai_research/data/genimage/biggan/imagenet_ai_0419_biggan/val/ai/285_biggan_00035.png,1,1,0.9022287726402283
/workspace/benchmarks_ai_research/data/genimage/biggan/imagenet_ai_0419_biggan/val/nature/ILSVRC2012_val_00026877.JPEG,0,0,0.001283724675886333
/workspace/benchmarks_ai_research/data/genimage/biggan/imagenet_ai_0419_biggan/val/nature/ILSVRC2012_val_00030424.JPEG,0,0,6.222238880582154e-05
/workspace/benchmarks_ai_research/data/genimage/biggan/imagenet_ai_0419_biggan/val/ai/827_biggan_00127.png,1,1,0.9999736547470093
/workspace/benchmarks_ai_research/data/genimage/biggan/imagenet_ai_0419_biggan/val/ai/029_biggan_00074.png,1,1,0.9992934465408325
/workspace/benchmarks_ai_research/data/genimage/biggan/imagenet_ai_0419_biggan/val/ai/820_biggan_00127.png,1,1,0.9994889497756958
/workspace/benchmarks_ai_research/data/genimage/biggan/imagenet_ai_0419_biggan/val/nature/ILSVRC2012_val_00015957.JPEG,0,0,4.316221122735442e-07
/workspace/benchmarks_ai_research/data/genimage/biggan/imagenet_ai_0419_biggan/val/nature/ILSVRC2012_val_00036856.JPEG,0,0,0.004523485898971558
/workspace/benchmarks_ai_research/data/genimage/biggan/imagenet_ai_0419_biggan/val/ai/271_biggan_00035.png,1,1,0.7296395301818848
/workspace/benchmarks_ai_research/data/genimage/biggan/imagenet_ai_0419_biggan/val/ai/988_biggan_00035.png,1,1,0.9880988001823425
/workspace/benchmarks_ai_research/data/genimage/biggan/imagenet_ai_0419_biggan/val/nature/ILSVRC2012_val_00041717.JPEG,0,0,0.0015490868827328086
/workspace/benchmarks_ai_research/data/genimage/biggan/imagenet_ai_0419_biggan/val/nature/ILSVRC2012_val_00019724.JPEG,0,0,0.3907737731933594
/workspace/benchmarks_ai_research/data/genimage/biggan/imagenet_ai_0419_biggan/val/nature/ILSVRC2012_val_00040020.JPEG,0,0,7.493229077226715e-06
/workspace/benchmarks_ai_research/data/genimage/biggan/imagenet_ai_0419_biggan/val/nature/ILSVRC2012_val_00032462.JPEG,0,0,0.010129163973033428
/workspace/benchmarks_ai_research/data/genimage/biggan/imagenet_ai_0419_biggan/val/ai/029_biggan_00035.png,1,1,0.99764484167099
/workspace/benchmarks_ai_research/data/genimage/biggan/imagenet_ai_0419_biggan/val/nature/ILSVRC2012_val_00042836.JPEG,0,0,0.00013243705325294286
/workspace/benchmarks_ai_research/data/genimage/biggan/imagenet_ai_0419_biggan/val/nature/ILSVRC2012_val_00018674.JPEG,0,0,0.0009481027373112738
/workspace/benchmarks_ai_research/data/genimage/biggan/imagenet_ai_0419_biggan/val/nature/ILSVRC2012_val_00045449.JPEG,0,0,0.0009112947154790163
/workspace/benchmarks_ai_research/data/genimage/biggan/imagenet_ai_0419_biggan/val/nature/ILSVRC2012_val_00030790.JPEG,0,0,1.6463660358567722e-05
/workspace/benchmarks_ai_research/data/genimage/biggan/imagenet_ai_0419_biggan/val/ai/612_biggan_00020.png,1,1,0.9999825954437256
/workspace/benchmarks_ai_research/data/genimage/biggan/imagenet_ai_0419_biggan/val/ai/153_biggan_00039.png,1,0,0.2631368935108185
/workspace/benchmarks_ai_research/data/genimage/biggan/imagenet_ai_0419_biggan/val/ai/014_biggan_00035.png,1,0,0.48208412528038025
/workspace/benchmarks_ai_research/data/genimage/biggan/imagenet_ai_0419_biggan/val/nature/ILSVRC2012_val_00023416.JPEG,0,0,0.0006463286699727178
/workspace/benchmarks_ai_research/data/genimage/biggan/imagenet_ai_0419_biggan/val/ai/797_biggan_00035.png,1,1,0.9834704995155334
/workspace/benchmarks_ai_research/data/genimage/biggan/imagenet_ai_0419_biggan/val/nature/ILSVRC2012_val_00013150.JPEG,0,0,3.4070144465658814e-05
/workspace/benchmarks_ai_research/data/genimage/biggan/imagenet_ai_0419_biggan/val/ai/333_biggan_00039.png,1,0,0.3179589509963989
/workspace/benchmarks_ai_research/data/genimage/biggan/imagenet_ai_0419_biggan/val/ai/706_biggan_00143.png,1,1,0.999998927116394
/workspace/benchmarks_ai_research/data/genimage/biggan/imagenet_ai_0419_biggan/val/nature/ILSVRC2012_val_00023265.JPEG,0,0,0.045563872903585434
/workspace/benchmarks_ai_research/data/genimage/biggan/imagenet_ai_0419_biggan/val/ai/119_biggan_00143.png,1,0,0.021806014701724052
/workspace/benchmarks_ai_research/data/genimage/biggan/imagenet_ai_0419_biggan/val/ai/050_biggan_00020.png,1,0,0.03633299842476845
/workspace/benchmarks_ai_research/data/genimage/biggan/imagenet_ai_0419_biggan/val/nature/ILSVRC2012_val_00005437.JPEG,0,0,0.00023120027617551386
/workspace/benchmarks_ai_research/data/genimage/biggan/imagenet_ai_0419_biggan/val/nature/ILSVRC2012_val_00019119.JPEG,0,0,4.3571835703914985e-06
/workspace/benchmarks_ai_research/data/genimage/biggan/imagenet_ai_0419_biggan/val/nature/ILSVRC2012_val_00013548.JPEG,0,0,0.0038575930520892143
/workspace/benchmarks_ai_research/data/genimage/biggan/imagenet_ai_0419_biggan/val/ai/798_biggan_00143.png,1,1,0.9998273253440857
/workspace/benchmarks_ai_research/data/genimage/biggan/imagenet_ai_0419_biggan/val/ai/782_biggan_00039.png,1,1,0.9999673366546631
/workspace/benchmarks_ai_research/data/genimage/biggan/imagenet_ai_0419_biggan/val/ai/187_biggan_00035.png,1,1,0.9686042666435242
/workspace/benchmarks_ai_research/data/genimage/biggan/imagenet_ai_0419_biggan/val/ai/851_biggan_00143.png,1,1,0.8815765976905823
/workspace/benchmarks_ai_research/data/genimage/biggan/imagenet_ai_0419_biggan/val/nature/ILSVRC2012_val_00032971.JPEG,0,0,0.003924016375094652
/workspace/benchmarks_ai_research/data/genimage/biggan/imagenet_ai_0419_biggan/val/nature/ILSVRC2012_val_00016682.JPEG,0,0,1.7280264046348748e-06
/workspace/benchmarks_ai_research/data/genimage/biggan/imagenet_ai_0419_biggan/val/nature/ILSVRC2012_val_00040028.JPEG,0,0,5.982434458928765e-07
/workspace/benchmarks_ai_research/data/genimage/biggan/imagenet_ai_0419_biggan/val/nature/ILSVRC2012_val_00016391.JPEG,0,0,0.0007012124406173825
/workspace/benchmarks_ai_research/data/genimage/biggan/imagenet_ai_0419_biggan/val/ai/618_biggan_00074.png,1,1,0.9199758768081665
/workspace/benchmarks_ai_research/data/genimage/biggan/imagenet_ai_0419_biggan/val/ai/419_biggan_00020.png,1,1,0.9999386072158813
/workspace/benchmarks_ai_research/data/genimage/biggan/imagenet_ai_0419_biggan/val/ai/698_biggan_00020.png,1,1,0.7530065178871155
/workspace/benchmarks_ai_research/data/genimage/biggan/imagenet_ai_0419_biggan/val/ai/404_biggan_00127.png,1,1,0.994276225566864
/workspace/benchmarks_ai_research/data/genimage/biggan/imagenet_ai_0419_biggan/val/ai/418_biggan_00039.png,1,0,0.375238835811615
/workspace/benchmarks_ai_research/data/genimage/biggan/imagenet_ai_0419_biggan/val/ai/482_biggan_00039.png,1,1,0.9997803568840027
/workspace/benchmarks_ai_research/data/genimage/biggan/imagenet_ai_0419_biggan/val/nature/ILSVRC2012_val_00012553.JPEG,0,0,0.4691959619522095
/workspace/benchmarks_ai_research/data/genimage/biggan/imagenet_ai_0419_biggan/val/nature/ILSVRC2012_val_00037108.JPEG,0,0,0.0006940104067325592
/workspace/benchmarks_ai_research/data/genimage/biggan/imagenet_ai_0419_biggan/val/nature/ILSVRC2012_val_00047319.JPEG,0,0,0.0008496187510900199
/workspace/benchmarks_ai_research/data/genimage/biggan/imagenet_ai_0419_biggan/val/ai/767_biggan_00020.png,1,1,0.9958880543708801
/workspace/benchmarks_ai_research/data/genimage/biggan/imagenet_ai_0419_biggan/val/ai/343_biggan_00074.png,1,1,0.9479700922966003
/workspace/benchmarks_ai_research/data/genimage/biggan/imagenet_ai_0419_biggan/val/nature/ILSVRC2012_val_00035178.JPEG,0,0,0.0010465497616678476
/workspace/benchmarks_ai_research/data/genimage/biggan/imagenet_ai_0419_biggan/val/nature/ILSVRC2012_val_00006351.JPEG,0,0,0.0004688160552177578
/workspace/benchmarks_ai_research/data/genimage/biggan/imagenet_ai_0419_biggan/val/ai/812_biggan_00127.png,1,1,0.9999823570251465
/workspace/benchmarks_ai_research/data/genimage/biggan/imagenet_ai_0419_biggan/val/nature/ILSVRC2012_val_00035209.JPEG,0,0,0.004277006257325411
/workspace/benchmarks_ai_research/data/genimage/biggan/imagenet_ai_0419_biggan/val/ai/608_biggan_00074.png,1,1,0.9998377561569214
/workspace/benchmarks_ai_research/data/genimage/biggan/imagenet_ai_0419_biggan/val/nature/ILSVRC2012_val_00000210.JPEG,0,0,0.002117390278726816
/workspace/benchmarks_ai_research/data/genimage/biggan/imagenet_ai_0419_biggan/val/nature/ILSVRC2012_val_00010539.JPEG,0,0,0.0010391431860625744
/workspace/benchmarks_ai_research/data/genimage/biggan/imagenet_ai_0419_biggan/val/nature/ILSVRC2012_val_00046289.JPEG,0,0,8.391061419388279e-05
/workspace/benchmarks_ai_research/data/genimage/biggan/imagenet_ai_0419_biggan/val/nature/ILSVRC2012_val_00013037.JPEG,0,0,0.004852754063904285
/workspace/benchmarks_ai_research/data/genimage/biggan/imagenet_ai_0419_biggan/val/nature/ILSVRC2012_val_00035225.JPEG,0,0,0.0032192450016736984
