path,y_qwen,y_qwen_text,p_fake_qwen,p_real_qwen,qwen_margin,qwen_input_tokens,qwen_output_tokens,latency_qwen_ms,raw
/workspace/benchmarks_ai_research/data/genimage/sd_1_4/data/genimage/sd_1_4/imagenet_ai_0419_sdv4/val/ai/607_sdv4_00143.png,0,0,0.039638839100970026,0.96036116089903,0.92072232179806,382,2,1052.8222918510437,REAL
/workspace/benchmarks_ai_research/data/genimage/sd_1_4/data/genimage/sd_1_4/imagenet_ai_0419_sdv4/val/nature/ILSVRC2012_val_00026558.JPEG,0,0,0.014728613849722676,0.9852713861502774,0.9705427723005547,274,2,191.19636714458466,REAL
/workspace/benchmarks_ai_research/data/genimage/sd_1_4/data/genimage/sd_1_4/imagenet_ai_0419_sdv4/val/nature/ILSVRC2012_val_00034693.JPEG,1,0,0.917048228788335,0.08295177121166493,0.8340964575766701,292,2,186.96898221969604,REAL
/workspace/benchmarks_ai_research/data/genimage/sd_1_4/data/genimage/sd_1_4/imagenet_ai_0419_sdv4/val/ai/208_sdv4_00035.png,0,0,0.017986209962091555,0.9820137900379085,0.9640275800758169,382,2,206.5509706735611,REAL
/workspace/benchmarks_ai_research/data/genimage/sd_1_4/data/genimage/sd_1_4/imagenet_ai_0419_sdv4/val/nature/ILSVRC2012_val_00034615.JPEG,1,0,0.9151900850851843,0.08480991491481568,0.8303801701703686,292,2,184.2392086982727,REAL
/workspace/benchmarks_ai_research/data/genimage/sd_1_4/data/genimage/sd_1_4/imagenet_ai_0419_sdv4/val/nature/ILSVRC2012_val_00045360.JPEG,1,0,0.9334770182736116,0.06652298172638843,0.8669540365472233,382,2,207.46800303459167,REAL
/workspace/benchmarks_ai_research/data/genimage/sd_1_4/data/genimage/sd_1_4/imagenet_ai_0419_sdv4/val/ai/539_sdv4_00020.png,1,0,0.9442552208331845,0.05574477916681564,0.8885104416663688,382,2,206.39455318450928,REAL
/workspace/benchmarks_ai_research/data/genimage/sd_1_4/data/genimage/sd_1_4/imagenet_ai_0419_sdv4/val/ai/590_sdv4_00035.png,1,0,0.9617806966513387,0.03821930334866121,0.9235613933026775,382,2,207.65886455774307,REAL
/workspace/benchmarks_ai_research/data/genimage/sd_1_4/data/genimage/sd_1_4/imagenet_ai_0419_sdv4/val/ai/338_sdv4_00009.png,0,0,0.02297736991002561,0.9770226300899744,0.9540452601799487,382,2,215.95799922943115,REAL
/workspace/benchmarks_ai_research/data/genimage/sd_1_4/data/genimage/sd_1_4/imagenet_ai_0419_sdv4/val/nature/ILSVRC2012_val_00046578.JPEG,1,0,0.9648172652031798,0.03518273479682015,0.9296345304063597,292,2,187.5431388616562,REAL
/workspace/benchmarks_ai_research/data/genimage/sd_1_4/data/genimage/sd_1_4/imagenet_ai_0419_sdv4/val/nature/ILSVRC2012_val_00005654.JPEG,0,0,0.033589505650103976,0.9664104943498959,0.9328209886997919,274,2,214.11582827568054,REAL
/workspace/benchmarks_ai_research/data/genimage/sd_1_4/data/genimage/sd_1_4/imagenet_ai_0419_sdv4/val/ai/266_sdv4_00074.png,1,0,0.9507430180618713,0.04925698193812877,0.9014860361237426,382,2,221.88786417245865,REAL
/workspace/benchmarks_ai_research/data/genimage/sd_1_4/data/genimage/sd_1_4/imagenet_ai_0419_sdv4/val/nature/ILSVRC2012_val_00042162.JPEG,0,0,0.05582314113461443,0.9441768588653856,0.8883537177307712,274,2,177.68198996782303,REAL
/workspace/benchmarks_ai_research/data/genimage/sd_1_4/data/genimage/sd_1_4/imagenet_ai_0419_sdv4/val/ai/379_sdv4_00127.png,0,0,0.014063627043245474,0.9859363729567544,0.9718727459135089,382,2,211.46290749311447,REAL
/workspace/benchmarks_ai_research/data/genimage/sd_1_4/data/genimage/sd_1_4/imagenet_ai_0419_sdv4/val/ai/164_sdv4_00035.png,0,0,0.08632347658627028,0.9136765234137297,0.8273530468274595,382,2,206.86522126197815,REAL
/workspace/benchmarks_ai_research/data/genimage/sd_1_4/data/genimage/sd_1_4/imagenet_ai_0419_sdv4/val/nature/ILSVRC2012_val_00017729.JPEG,0,0,0.09138210306717136,0.9086178969328287,0.8172357938656574,274,2,179.1800856590271,REAL
/workspace/benchmarks_ai_research/data/genimage/sd_1_4/data/genimage/sd_1_4/imagenet_ai_0419_sdv4/val/nature/ILSVRC2012_val_00026940.JPEG,0,0,0.014281933925111153,0.9857180660748888,0.9714361321497776,382,2,225.74839740991592,REAL
/workspace/benchmarks_ai_research/data/genimage/sd_1_4/data/genimage/sd_1_4/imagenet_ai_0419_sdv4/val/ai/088_sdv4_00127.png,0,0,0.020023441289455244,0.9799765587105447,0.9599531174210895,382,2,206.23918622732162,REAL
/workspace/benchmarks_ai_research/data/genimage/sd_1_4/data/genimage/sd_1_4/imagenet_ai_0419_sdv4/val/nature/ILSVRC2012_val_00008726.JPEG,0,0,0.006589771663080563,0.9934102283369194,0.9868204566738388,292,2,185.0324049592018,REAL
/workspace/benchmarks_ai_research/data/genimage/sd_1_4/data/genimage/sd_1_4/imagenet_ai_0419_sdv4/val/nature/ILSVRC2012_val_00039912.JPEG,0,0,0.07696083569602613,0.9230391643039738,0.8460783286079476,292,2,184.04952436685562,REAL
/workspace/benchmarks_ai_research/data/genimage/sd_1_4/data/genimage/sd_1_4/imagenet_ai_0419_sdv4/val/ai/719_sdv4_00020.png,0,0,0.04146227271140963,0.9585377272885904,0.9170754545771808,382,2,207.69143104553223,REAL
/workspace/benchmarks_ai_research/data/genimage/sd_1_4/data/genimage/sd_1_4/imagenet_ai_0419_sdv4/val/ai/203_sdv4_00074.png,0,0,0.017986209962091555,0.9820137900379085,0.9640275800758169,382,2,206.64488524198532,REAL
/workspace/benchmarks_ai_research/data/genimage/sd_1_4/data/genimage/sd_1_4/imagenet_ai_0419_sdv4/val/nature/ILSVRC2012_val_00024835.JPEG,0,0,0.0209642408181275,0.9790357591818724,0.9580715183637448,292,2,186.9809925556183,REAL
/workspace/benchmarks_ai_research/data/genimage/sd_1_4/data/genimage/sd_1_4/imagenet_ai_0419_sdv4/val/ai/535_sdv4_00039.png,1,0,0.9627798846886673,0.037220115311332735,0.9255597693773345,382,2,206.86089247465134,REAL
/workspace/benchmarks_ai_research/data/genimage/sd_1_4/data/genimage/sd_1_4/imagenet_ai_0419_sdv4/val/nature/ILSVRC2012_val_00006062.JPEG,0,0,0.07369626970604846,0.9263037302939515,0.852607460587903,292,2,184.66703593730927,REAL
/workspace/benchmarks_ai_research/data/genimage/sd_1_4/data/genimage/sd_1_4/imagenet_ai_0419_sdv4/val/ai/662_sdv4_00039.png,0,0,0.027585282226789985,0.9724147177732099,0.9448294355464198,382,2,207.7019363641739,REAL
/workspace/benchmarks_ai_research/data/genimage/sd_1_4/data/genimage/sd_1_4/imagenet_ai_0419_sdv4/val/ai/334_sdv4_00039.png,0,0,0.011158031248084033,0.988841968751916,0.977683937503832,382,2,207.03937113285065,REAL
/workspace/benchmarks_ai_research/data/genimage/sd_1_4/data/genimage/sd_1_4/imagenet_ai_0419_sdv4/val/nature/ILSVRC2012_val_00028178.JPEG,0,0,0.012053779516236447,0.9879462204837635,0.975892440967527,226,2,155.7217463850975,REAL
/workspace/benchmarks_ai_research/data/genimage/sd_1_4/data/genimage/sd_1_4/imagenet_ai_0419_sdv4/val/ai/593_sdv4_00074.png,1,0,0.90938717934007,0.09061282065992993,0.81877435868014,382,2,207.09319412708282,REAL
/workspace/benchmarks_ai_research/data/genimage/sd_1_4/data/genimage/sd_1_4/imagenet_ai_0419_sdv4/val/ai/239_sdv4_00074.png,0,0,0.022629200033037256,0.9773707999669629,0.9547415999339256,382,2,206.92162960767746,REAL
/workspace/benchmarks_ai_research/data/genimage/sd_1_4/data/genimage/sd_1_4/imagenet_ai_0419_sdv4/val/ai/481_sdv4_00127.png,1,0,0.9777056879951695,0.022294312004830435,0.9554113759903391,382,2,207.9647034406662,REAL
/workspace/benchmarks_ai_research/data/genimage/sd_1_4/data/genimage/sd_1_4/imagenet_ai_0419_sdv4/val/ai/733_sdv4_00062.png,1,0,0.9773131245957072,0.022686875404292935,0.9546262491914143,382,2,208.19351077079773,REAL
/workspace/benchmarks_ai_research/data/genimage/sd_1_4/data/genimage/sd_1_4/imagenet_ai_0419_sdv4/val/ai/173_sdv4_00127.png,0,1,0.25591001763928667,0.7440899823607133,0.48817996472142666,382,3,239.30896818637848,FAKE
/workspace/benchmarks_ai_research/data/genimage/sd_1_4/data/genimage/sd_1_4/imagenet_ai_0419_sdv4/val/nature/ILSVRC2012_val_00030717.JPEG,0,0,0.05665242530797383,0.9433475746920261,0.8866951493840523,449,2,251.4510452747345,REAL
/workspace/benchmarks_ai_research/data/genimage/sd_1_4/data/genimage/sd_1_4/imagenet_ai_0419_sdv4/val/ai/539_sdv4_00039.png,1,0,0.9510902989521411,0.048909701047858876,0.9021805979042823,382,2,206.9166675209999,REAL
/workspace/benchmarks_ai_research/data/genimage/sd_1_4/data/genimage/sd_1_4/imagenet_ai_0419_sdv4/val/nature/ILSVRC2012_val_00030593.JPEG,0,0,0.013428254741968517,0.9865717452580314,0.9731434905160629,328,2,200.95374435186386,REAL
/workspace/benchmarks_ai_research/data/genimage/sd_1_4/data/genimage/sd_1_4/imagenet_ai_0419_sdv4/val/nature/ILSVRC2012_val_00003936.JPEG,1,0,0.9675156258393025,0.032484374160697486,0.935031251678605,292,2,185.25537848472595,REAL
/workspace/benchmarks_ai_research/data/genimage/sd_1_4/data/genimage/sd_1_4/imagenet_ai_0419_sdv4/val/nature/ILSVRC2012_val_00048758.JPEG,0,0,0.040845715909949315,0.9591542840900507,0.9183085681801013,292,2,203.6338970065117,REAL
/workspace/benchmarks_ai_research/data/genimage/sd_1_4/data/genimage/sd_1_4/imagenet_ai_0419_sdv4/val/ai/982_sdv4_00039.png,0,0,0.01691491326672651,0.9830850867332734,0.9661701734665469,382,2,211.0794335603714,REAL
/workspace/benchmarks_ai_research/data/genimage/sd_1_4/data/genimage/sd_1_4/imagenet_ai_0419_sdv4/val/nature/ILSVRC2012_val_00024486.JPEG,0,0,0.006589771663080563,0.9934102283369194,0.9868204566738388,292,2,185.24812906980515,REAL
/workspace/benchmarks_ai_research/data/genimage/sd_1_4/data/genimage/sd_1_4/imagenet_ai_0419_sdv4/val/nature/ILSVRC2012_val_00037694.JPEG,0,0,0.017712298703411445,0.9822877012965885,0.9645754025931771,382,2,224.46517646312714,REAL
/workspace/benchmarks_ai_research/data/genimage/sd_1_4/data/genimage/sd_1_4/imagenet_ai_0419_sdv4/val/nature/ILSVRC2012_val_00047790.JPEG,0,0,0.03021458706739398,0.9697854129326061,0.9395708258652121,292,2,187.83531337976456,REAL
/workspace/benchmarks_ai_research/data/genimage/sd_1_4/data/genimage/sd_1_4/imagenet_ai_0419_sdv4/val/ai/724_sdv4_00074.png,1,0,0.9659730013643227,0.0340269986356773,0.9319460027286455,382,2,207.34784752130508,REAL
/workspace/benchmarks_ai_research/data/genimage/sd_1_4/data/genimage/sd_1_4/imagenet_ai_0419_sdv4/val/ai/672_sdv4_00020.png,0,0,0.00530189486940215,0.994698105130598,0.9893962102611958,382,2,206.7606821656227,REAL
/workspace/benchmarks_ai_research/data/genimage/sd_1_4/data/genimage/sd_1_4/imagenet_ai_0419_sdv4/val/nature/ILSVRC2012_val_00002045.JPEG,0,0,0.036769466075598736,0.9632305339244013,0.9264610678488026,292,2,184.9815994501114,REAL
/workspace/benchmarks_ai_research/data/genimage/sd_1_4/data/genimage/sd_1_4/imagenet_ai_0419_sdv4/val/nature/ILSVRC2012_val_00035000.JPEG,0,1,0.24261563164768146,0.7573843683523185,0.514768736704637,382,3,255.112886428833,FAKE
/workspace/benchmarks_ai_research/data/genimage/sd_1_4/data/genimage/sd_1_4/imagenet_ai_0419_sdv4/val/ai/869_sdv4_00020.png,0,0,0.040845715909949315,0.9591542840900507,0.9183085681801013,382,2,207.84752815961838,REAL
/workspace/benchmarks_ai_research/data/genimage/sd_1_4/data/genimage/sd_1_4/imagenet_ai_0419_sdv4/val/ai/460_sdv4_00020.png,0,0,0.014503579691381979,0.985496420308618,0.970992840617236,382,2,209.45386588573456,REAL
/workspace/benchmarks_ai_research/data/genimage/sd_1_4/data/genimage/sd_1_4/imagenet_ai_0419_sdv4/val/ai/247_sdv4_00020.png,0,0,0.07477004290796138,0.9252299570920387,0.8504599141840773,382,2,220.45549005270004,REAL
/workspace/benchmarks_ai_research/data/genimage/sd_1_4/data/genimage/sd_1_4/imagenet_ai_0419_sdv4/val/nature/ILSVRC2012_val_00000660.JPEG,0,0,0.011158031248084033,0.988841968751916,0.977683937503832,1622,2,743.2034239172935,REAL
/workspace/benchmarks_ai_research/data/genimage/sd_1_4/data/genimage/sd_1_4/imagenet_ai_0419_sdv4/val/ai/180_sdv4_00127.png,1,0,0.9561687841522241,0.04383121584777588,0.9123375683044482,382,2,208.70564132928848,REAL
/workspace/benchmarks_ai_research/data/genimage/sd_1_4/data/genimage/sd_1_4/imagenet_ai_0419_sdv4/val/nature/ILSVRC2012_val_00024798.JPEG,0,0,0.024053552894426178,0.9759464471055739,0.9518928942111478,292,2,206.81966096162796,REAL
/workspace/benchmarks_ai_research/data/genimage/sd_1_4/data/genimage/sd_1_4/imagenet_ai_0419_sdv4/val/nature/ILSVRC2012_val_00036606.JPEG,0,0,0.027169231535681047,0.9728307684643189,0.9456615369286379,292,2,185.40892004966736,REAL
/workspace/benchmarks_ai_research/data/genimage/sd_1_4/data/genimage/sd_1_4/imagenet_ai_0419_sdv4/val/nature/ILSVRC2012_val_00002468.JPEG,0,0,0.040845715909949315,0.9591542840900507,0.9183085681801013,310,2,208.79900455474854,REAL
/workspace/benchmarks_ai_research/data/genimage/sd_1_4/data/genimage/sd_1_4/imagenet_ai_0419_sdv4/val/ai/783_sdv4_00143.png,1,0,0.9335001107236657,0.06649988927633432,0.8670002214473314,382,2,208.08785408735275,REAL
/workspace/benchmarks_ai_research/data/genimage/sd_1_4/data/genimage/sd_1_4/imagenet_ai_0419_sdv4/val/ai/393_sdv4_00035.png,1,0,0.9095708998558377,0.09042910014416228,0.8191417997116754,382,2,209.45266634225845,REAL
/workspace/benchmarks_ai_research/data/genimage/sd_1_4/data/genimage/sd_1_4/imagenet_ai_0419_sdv4/val/ai/449_sdv4_00074.png,1,0,0.9442160025640904,0.05578399743590963,0.8884320051281808,382,2,206.86840265989304,REAL
/workspace/benchmarks_ai_research/data/genimage/sd_1_4/data/genimage/sd_1_4/imagenet_ai_0419_sdv4/val/nature/ILSVRC2012_val_00049743.JPEG,0,0,0.013848610215564576,0.9861513897844354,0.9723027795688708,292,2,185.72992086410522,REAL
/workspace/benchmarks_ai_research/data/genimage/sd_1_4/data/genimage/sd_1_4/imagenet_ai_0419_sdv4/val/nature/ILSVRC2012_val_00007296.JPEG,0,0,0.012821214266594244,0.9871787857334058,0.9743575714668116,310,2,188.7572780251503,REAL
/workspace/benchmarks_ai_research/data/genimage/sd_1_4/data/genimage/sd_1_4/imagenet_ai_0419_sdv4/val/ai/697_sdv4_00020.png,0,0,0.039638839100970026,0.96036116089903,0.92072232179806,382,2,207.7523097395897,REAL
/workspace/benchmarks_ai_research/data/genimage/sd_1_4/data/genimage/sd_1_4/imagenet_ai_0419_sdv4/val/ai/649_sdv4_00020.png,0,0,0.017986209962091555,0.9820137900379085,0.9640275800758169,382,2,208.88536423444748,REAL
/workspace/benchmarks_ai_research/data/genimage/sd_1_4/data/genimage/sd_1_4/imagenet_ai_0419_sdv4/val/ai/913_sdv4_00035.png,0,0,0.08035746882220708,0.9196425311777929,0.8392850623555859,382,2,207.5021043419838,REAL
/workspace/benchmarks_ai_research/data/genimage/sd_1_4/data/genimage/sd_1_4/imagenet_ai_0419_sdv4/val/nature/ILSVRC2012_val_00007505.JPEG,0,0,0.02800752060598813,0.9719924793940118,0.9439849587880237,292,2,185.93160808086395,REAL
/workspace/benchmarks_ai_research/data/genimage/sd_1_4/data/genimage/sd_1_4/imagenet_ai_0419_sdv4/val/nature/ILSVRC2012_val_00032990.JPEG,0,0,0.015663648711668327,0.9843363512883317,0.9686727025766634,11797,2,6242.577083408833,REAL
/workspace/benchmarks_ai_research/data/genimage/sd_1_4/data/genimage/sd_1_4/imagenet_ai_0419_sdv4/val/nature/ILSVRC2012_val_00002529.JPEG,0,0,0.023689471299374428,0.9763105287006256,0.9526210574012512,292,2,218.1987389922142,REAL
/workspace/benchmarks_ai_research/data/genimage/sd_1_4/data/genimage/sd_1_4/imagenet_ai_0419_sdv4/val/ai/454_sdv4_00143.png,0,0,0.022286185539225494,0.9777138144607745,0.9554276289215491,382,2,221.286803483963,REAL
/workspace/benchmarks_ai_research/data/genimage/sd_1_4/data/genimage/sd_1_4/imagenet_ai_0419_sdv4/val/nature/ILSVRC2012_val_00034908.JPEG,0,0,0.04742587317756679,0.9525741268224334,0.9051482536448666,364,2,206.247016787529,REAL
/workspace/benchmarks_ai_research/data/genimage/sd_1_4/data/genimage/sd_1_4/imagenet_ai_0419_sdv4/val/nature/ILSVRC2012_val_00016467.JPEG,0,0,0.008187909901696235,0.9918120900983038,0.9836241801966076,364,2,203.3252865076065,REAL
/workspace/benchmarks_ai_research/data/genimage/sd_1_4/data/genimage/sd_1_4/imagenet_ai_0419_sdv4/val/ai/004_sdv4_00039.png,1,0,0.9408104110584722,0.059189588941527725,0.8816208221169445,382,2,207.59930461645126,REAL
/workspace/benchmarks_ai_research/data/genimage/sd_1_4/data/genimage/sd_1_4/imagenet_ai_0419_sdv4/val/ai/403_sdv4_00035.png,0,0,0.022629200033037256,0.9773707999669629,0.9547415999339256,382,2,209.15477722883224,REAL
/workspace/benchmarks_ai_research/data/genimage/sd_1_4/data/genimage/sd_1_4/imagenet_ai_0419_sdv4/val/ai/836_sdv4_00143.png,1,0,0.9193119405089437,0.08068805949105635,0.8386238810178873,382,2,217.63436496257782,REAL
/workspace/benchmarks_ai_research/data/genimage/sd_1_4/data/genimage/sd_1_4/imagenet_ai_0419_sdv4/val/ai/036_sdv4_00009.png,0,0,0.02194825371486785,0.9780517462851323,0.9561034925702644,382,2,208.6545005440712,REAL
/workspace/benchmarks_ai_research/data/genimage/sd_1_4/data/genimage/sd_1_4/imagenet_ai_0419_sdv4/val/nature/ILSVRC2012_val_00040112.JPEG,0,0,0.09009299396195182,0.9099070060380482,0.8198140120760964,274,2,179.2142167687416,REAL
/workspace/benchmarks_ai_research/data/genimage/sd_1_4/data/genimage/sd_1_4/imagenet_ai_0419_sdv4/val/nature/ILSVRC2012_val_00022524.JPEG,0,0,0.0675466911396291,0.9324533088603709,0.8649066177207418,292,2,186.2209364771843,REAL
/workspace/benchmarks_ai_research/data/genimage/sd_1_4/data/genimage/sd_1_4/imagenet_ai_0419_sdv4/val/nature/ILSVRC2012_val_00026673.JPEG,0,0,0.00912563738918052,0.9908743626108194,0.9817487252216389,292,2,186.26566231250763,REAL
/workspace/benchmarks_ai_research/data/genimage/sd_1_4/data/genimage/sd_1_4/imagenet_ai_0419_sdv4/val/ai/047_sdv4_00020.png,1,0,0.9782267316304519,0.0217732683695481,0.9564534632609039,382,2,229.95425760746002,REAL
/workspace/benchmarks_ai_research/data/genimage/sd_1_4/data/genimage/sd_1_4/imagenet_ai_0419_sdv4/val/ai/283_sdv4_00074.png,1,0,0.9516239933277132,0.04837600667228688,0.9032479866554263,382,2,208.4164246916771,REAL
/workspace/benchmarks_ai_research/data/genimage/sd_1_4/data/genimage/sd_1_4/imagenet_ai_0419_sdv4/val/ai/563_sdv4_00039.png,0,0,0.01495708659314999,0.98504291340685,0.9700858268137,382,2,208.01113545894623,REAL
/workspace/benchmarks_ai_research/data/genimage/sd_1_4/data/genimage/sd_1_4/imagenet_ai_0419_sdv4/val/nature/ILSVRC2012_val_00020517.JPEG,0,0,0.02635535284611975,0.9736446471538801,0.9472892943077603,292,2,208.43494683504105,REAL
/workspace/benchmarks_ai_research/data/genimage/sd_1_4/data/genimage/sd_1_4/imagenet_ai_0419_sdv4/val/nature/ILSVRC2012_val_00037665.JPEG,0,0,0.0209642408181275,0.9790357591818724,0.9580715183637448,274,2,180.77602982521057,REAL
/workspace/benchmarks_ai_research/data/genimage/sd_1_4/data/genimage/sd_1_4/imagenet_ai_0419_sdv4/val/ai/742_sdv4_00143.png,0,0,0.02333076880848049,0.9766692311915195,0.953338462383039,382,2,212.19830214977264,REAL
/workspace/benchmarks_ai_research/data/genimage/sd_1_4/data/genimage/sd_1_4/imagenet_ai_0419_sdv4/val/ai/530_sdv4_00127.png,1,0,0.986979497630524,0.013020502369476104,0.9739589952610479,382,2,217.65436232089996,REAL
/workspace/benchmarks_ai_research/data/genimage/sd_1_4/data/genimage/sd_1_4/imagenet_ai_0419_sdv4/val/nature/ILSVRC2012_val_00002480.JPEG,0,0,0.03846619201832428,0.9615338079816756,0.9230676159633514,292,2,188.1001815199852,REAL
/workspace/benchmarks_ai_research/data/genimage/sd_1_4/data/genimage/sd_1_4/imagenet_ai_0419_sdv4/val/nature/ILSVRC2012_val_00039493.JPEG,0,1,0.2797537371425321,0.720246262857468,0.44049252571493586,64,3,141.2195861339569,FAKE
/workspace/benchmarks_ai_research/data/genimage/sd_1_4/data/genimage/sd_1_4/imagenet_ai_0419_sdv4/val/nature/ILSVRC2012_val_00006438.JPEG,0,0,0.06853749303199023,0.9314625069680097,0.8629250139360195,198,2,143.78279447555542,REAL
/workspace/benchmarks_ai_research/data/genimage/sd_1_4/data/genimage/sd_1_4/imagenet_ai_0419_sdv4/val/nature/ILSVRC2012_val_00043551.JPEG,0,0,0.020645930739218447,0.9793540692607815,0.958708138521563,274,2,180.99413812160492,REAL
/workspace/benchmarks_ai_research/data/genimage/sd_1_4/data/genimage/sd_1_4/imagenet_ai_0419_sdv4/val/ai/578_sdv4_00127.png,0,0,0.03904829272622638,0.9609517072737735,0.9219034145475472,382,2,209.53498035669327,REAL
/workspace/benchmarks_ai_research/data/genimage/sd_1_4/data/genimage/sd_1_4/imagenet_ai_0419_sdv4/val/ai/509_sdv4_00062.png,0,0,0.11124120650754304,0.888758793492457,0.777517586984914,382,2,223.51349145174026,REAL
/workspace/benchmarks_ai_research/data/genimage/sd_1_4/data/genimage/sd_1_4/imagenet_ai_0419_sdv4/val/nature/ILSVRC2012_val_00007363.JPEG,0,0,0.00912563738918052,0.9908743626108194,0.9817487252216389,328,2,195.86148113012314,REAL
/workspace/benchmarks_ai_research/data/genimage/sd_1_4/data/genimage/sd_1_4/imagenet_ai_0419_sdv4/val/nature/ILSVRC2012_val_00010446.JPEG,0,0,0.04146227271140963,0.9585377272885904,0.9170754545771808,328,2,199.15907084941864,REAL
/workspace/benchmarks_ai_research/data/genimage/sd_1_4/data/genimage/sd_1_4/imagenet_ai_0419_sdv4/val/nature/ILSVRC2012_val_00036963.JPEG,0,0,0.02194825371486785,0.9780517462851323,0.9561034925702644,274,2,194.21295821666718,REAL
/workspace/benchmarks_ai_research/data/genimage/sd_1_4/data/genimage/sd_1_4/imagenet_ai_0419_sdv4/val/nature/ILSVRC2012_val_00019600.JPEG,1,0,0.9628331605428706,0.03716683945712948,0.9256663210857411,382,2,209.87628400325775,REAL
/workspace/benchmarks_ai_research/data/genimage/sd_1_4/data/genimage/sd_1_4/imagenet_ai_0419_sdv4/val/nature/ILSVRC2012_val_00040287.JPEG,0,0,0.009859855303538789,0.9901401446964613,0.9802802893929224,292,2,185.04120409488678,REAL
/workspace/benchmarks_ai_research/data/genimage/sd_1_4/data/genimage/sd_1_4/imagenet_ai_0419_sdv4/val/nature/ILSVRC2012_val_00019617.JPEG,0,0,0.004755199909833047,0.9952448000901669,0.9904896001803338,274,2,178.30336093902588,REAL
/workspace/benchmarks_ai_research/data/genimage/sd_1_4/data/genimage/sd_1_4/imagenet_ai_0419_sdv4/val/nature/ILSVRC2012_val_00042145.JPEG,0,0,0.07477004290796138,0.9252299570920387,0.8504599141840773,292,2,194.34692710638046,REAL
/workspace/benchmarks_ai_research/data/genimage/sd_1_4/data/genimage/sd_1_4/imagenet_ai_0419_sdv4/val/nature/ILSVRC2012_val_00046732.JPEG,0,0,0.011508149064303403,0.9884918509356967,0.9769837018713933,292,2,208.44099670648575,REAL
/workspace/benchmarks_ai_research/data/genimage/sd_1_4/data/genimage/sd_1_4/imagenet_ai_0419_sdv4/val/ai/620_sdv4_00039.png,0,0,0.05108273695705249,0.9489172630429474,0.897834526085895,382,2,207.19556510448456,REAL
/workspace/benchmarks_ai_research/data/genimage/sd_1_4/data/genimage/sd_1_4/imagenet_ai_0419_sdv4/val/ai/992_sdv4_00035.png,0,0,0.01744248473620534,0.9825575152637948,0.9651150305275894,382,2,223.3169749379158,REAL
/workspace/benchmarks_ai_research/data/genimage/sd_1_4/data/genimage/sd_1_4/imagenet_ai_0419_sdv4/val/ai/222_sdv4_00074.png,0,0,0.008711384457705508,0.9912886155422945,0.982577231084589,382,2,207.85988867282867,REAL
/workspace/benchmarks_ai_research/data/genimage/sd_1_4/data/genimage/sd_1_4/imagenet_ai_0419_sdv4/val/ai/768_sdv4_00020.png,1,0,0.9867187908681768,0.013281209131823169,0.9734375817363536,382,2,206.75956457853317,REAL
/workspace/benchmarks_ai_research/data/genimage/sd_1_4/data/genimage/sd_1_4/imagenet_ai_0419_sdv4/val/ai/989_sdv4_00143.png,0,0,0.010013570623173138,0.9899864293768268,0.9799728587536537,382,2,219.32867169380188,REAL
/workspace/benchmarks_ai_research/data/genimage/sd_1_4/data/genimage/sd_1_4/imagenet_ai_0419_sdv4/val/nature/ILSVRC2012_val_00011014.JPEG,1,0,0.9301204488709024,0.06987955112909762,0.8602408977418048,292,2,185.51423400640488,REAL
/workspace/benchmarks_ai_research/data/genimage/sd_1_4/data/genimage/sd_1_4/imagenet_ai_0419_sdv4/val/ai/008_sdv4_00039.png,0,0,0.011158031248084033,0.988841968751916,0.977683937503832,382,2,206.84528350830078,REAL
/workspace/benchmarks_ai_research/data/genimage/sd_1_4/data/genimage/sd_1_4/imagenet_ai_0419_sdv4/val/nature/ILSVRC2012_val_00026134.JPEG,0,0,0.11920292202211755,0.8807970779778823,0.7615941559557647,240,2,179.49467152357101,REAL
/workspace/benchmarks_ai_research/data/genimage/sd_1_4/data/genimage/sd_1_4/imagenet_ai_0419_sdv4/val/nature/ILSVRC2012_val_00019946.JPEG,0,0,0.004609572179374208,0.9953904278206259,0.9907808556412517,667,2,356.9076657295227,REAL
/workspace/benchmarks_ai_research/data/genimage/sd_1_4/data/genimage/sd_1_4/imagenet_ai_0419_sdv4/val/nature/ILSVRC2012_val_00037836.JPEG,0,0,0.023689471299374428,0.9763105287006256,0.9526210574012512,128,2,196.81258499622345,REAL
/workspace/benchmarks_ai_research/data/genimage/sd_1_4/data/genimage/sd_1_4/imagenet_ai_0419_sdv4/val/nature/ILSVRC2012_val_00048768.JPEG,0,0,0.06656918897050168,0.9334308110294983,0.8668616220589966,292,2,186.64344400167465,REAL
/workspace/benchmarks_ai_research/data/genimage/sd_1_4/data/genimage/sd_1_4/imagenet_ai_0419_sdv4/val/nature/ILSVRC2012_val_00048310.JPEG,0,0,0.00506033203196621,0.9949396679680339,0.9898793359360677,292,2,185.78913807868958,REAL
/workspace/benchmarks_ai_research/data/genimage/sd_1_4/data/genimage/sd_1_4/imagenet_ai_0419_sdv4/val/nature/ILSVRC2012_val_00021089.JPEG,0,0,0.0194193481824486,0.9805806518175514,0.9611613036351028,292,2,186.13868206739426,REAL
/workspace/benchmarks_ai_research/data/genimage/sd_1_4/data/genimage/sd_1_4/imagenet_ai_0419_sdv4/val/ai/245_sdv4_00039.png,0,0,0.0675466911396291,0.9324533088603709,0.8649066177207418,382,2,207.6404169201851,REAL
/workspace/benchmarks_ai_research/data/genimage/sd_1_4/data/genimage/sd_1_4/imagenet_ai_0419_sdv4/val/ai/511_sdv4_00035.png,1,0,0.9284334541104691,0.07156654588953087,0.8568669082209381,382,2,208.86730402708054,REAL
/workspace/benchmarks_ai_research/data/genimage/sd_1_4/data/genimage/sd_1_4/imagenet_ai_0419_sdv4/val/nature/ILSVRC2012_val_00017668.JPEG,0,0,0.011331753531361453,0.9886682464686385,0.9773364929372771,274,2,178.68394404649734,REAL
/workspace/benchmarks_ai_research/data/genimage/sd_1_4/data/genimage/sd_1_4/imagenet_ai_0419_sdv4/val/ai/573_sdv4_00143.png,0,0,0.05261895334771377,0.9473810466522863,0.8947620933045726,382,2,207.16530829668045,REAL
/workspace/benchmarks_ai_research/data/genimage/sd_1_4/data/genimage/sd_1_4/imagenet_ai_0419_sdv4/val/ai/992_sdv4_00039.png,0,0,0.08035746882220708,0.9196425311777929,0.8392850623555859,382,2,206.9043293595314,REAL
/workspace/benchmarks_ai_research/data/genimage/sd_1_4/data/genimage/sd_1_4/imagenet_ai_0419_sdv4/val/ai/928_sdv4_00035.png,1,0,0.909601487307994,0.09039851269200617,0.8192029746159878,382,2,212.35791593790054,REAL
/workspace/benchmarks_ai_research/data/genimage/sd_1_4/data/genimage/sd_1_4/imagenet_ai_0419_sdv4/val/nature/ILSVRC2012_val_00046536.JPEG,0,0,0.011869121046339474,0.9881308789536605,0.976261757907321,328,2,211.93920075893402,REAL
/workspace/benchmarks_ai_research/data/genimage/sd_1_4/data/genimage/sd_1_4/imagenet_ai_0419_sdv4/val/nature/ILSVRC2012_val_00010179.JPEG,0,0,0.014503579691381979,0.985496420308618,0.970992840617236,292,2,186.41085922718048,REAL
/workspace/benchmarks_ai_research/data/genimage/sd_1_4/data/genimage/sd_1_4/imagenet_ai_0419_sdv4/val/ai/616_sdv4_00035.png,1,0,0.9603894683971268,0.03961053160287313,0.9207789367942537,382,2,208.95233750343323,REAL
/workspace/benchmarks_ai_research/data/genimage/sd_1_4/data/genimage/sd_1_4/imagenet_ai_0419_sdv4/val/ai/550_sdv4_00127.png,1,0,0.9085560346799154,0.09144396532008468,0.8171120693598307,382,2,224.29896891117096,REAL
/workspace/benchmarks_ai_research/data/genimage/sd_1_4/data/genimage/sd_1_4/imagenet_ai_0419_sdv4/val/ai/324_sdv4_00020.png,0,0,0.012431650853185818,0.9875683491468141,0.9751366982936283,382,2,214.37019854784012,REAL
/workspace/benchmarks_ai_research/data/genimage/sd_1_4/data/genimage/sd_1_4/imagenet_ai_0419_sdv4/val/ai/941_sdv4_00039.png,0,0,0.04023794262361602,0.9597620573763841,0.9195241147527681,382,2,209.46475118398666,REAL
/workspace/benchmarks_ai_research/data/genimage/sd_1_4/data/genimage/sd_1_4/imagenet_ai_0419_sdv4/val/ai/376_sdv4_00074.png,1,0,0.9288033904024361,0.071196609597564,0.8576067808048721,382,2,207.38423615694046,REAL
/workspace/benchmarks_ai_research/data/genimage/sd_1_4/data/genimage/sd_1_4/imagenet_ai_0419_sdv4/val/nature/ILSVRC2012_val_00016945.JPEG,0,0,0.021615332762647654,0.9783846672373524,0.9567693344747048,292,2,186.257004737854,REAL
/workspace/benchmarks_ai_research/data/genimage/sd_1_4/data/genimage/sd_1_4/imagenet_ai_0419_sdv4/val/nature/ILSVRC2012_val_00043167.JPEG,0,0,0.0675466911396291,0.9324533088603709,0.8649066177207418,292,2,185.80427765846252,REAL
/workspace/benchmarks_ai_research/data/genimage/sd_1_4/data/genimage/sd_1_4/imagenet_ai_0419_sdv4/val/nature/ILSVRC2012_val_00049799.JPEG,1,0,0.9801654723089134,0.019834527691086703,0.9603309446178266,202,2,142.32037961483002,REAL
/workspace/benchmarks_ai_research/data/genimage/sd_1_4/data/genimage/sd_1_4/imagenet_ai_0419_sdv4/val/ai/312_sdv4_00039.png,0,0,0.026759283185443145,0.9732407168145568,0.9464814336291136,382,2,226.467527449131,REAL
/workspace/benchmarks_ai_research/data/genimage/sd_1_4/data/genimage/sd_1_4/imagenet_ai_0419_sdv4/val/nature/ILSVRC2012_val_00027686.JPEG,1,0,0.9584933212840484,0.041506678715951525,0.9169866425680969,292,2,185.8302503824234,REAL
/workspace/benchmarks_ai_research/data/genimage/sd_1_4/data/genimage/sd_1_4/imagenet_ai_0419_sdv4/val/nature/ILSVRC2012_val_00047329.JPEG,1,0,0.9064955321120822,0.09350446788791783,0.8129910642241645,292,2,186.43344938755035,REAL
/workspace/benchmarks_ai_research/data/genimage/sd_1_4/data/genimage/sd_1_4/imagenet_ai_0419_sdv4/val/nature/ILSVRC2012_val_00005513.JPEG,0,0,0.013636835281429876,0.9863631647185701,0.9727263294371402,292,2,205.43888956308365,REAL
/workspace/benchmarks_ai_research/data/genimage/sd_1_4/data/genimage/sd_1_4/imagenet_ai_0419_sdv4/val/nature/ILSVRC2012_val_00029866.JPEG,0,0,0.012431650853185818,0.9875683491468141,0.9751366982936283,274,2,179.5727163553238,REAL
/workspace/benchmarks_ai_research/data/genimage/sd_1_4/data/genimage/sd_1_4/imagenet_ai_0419_sdv4/val/ai/581_sdv4_00020.png,1,0,0.9020193355926501,0.09798066440734989,0.8040386711853003,382,2,227.4947687983513,REAL
/workspace/benchmarks_ai_research/data/genimage/sd_1_4/data/genimage/sd_1_4/imagenet_ai_0419_sdv4/val/ai/668_sdv4_00074.png,0,0,0.09138210306717136,0.9086178969328287,0.8172357938656574,382,2,220.15326470136642,REAL
/workspace/benchmarks_ai_research/data/genimage/sd_1_4/data/genimage/sd_1_4/imagenet_ai_0419_sdv4/val/nature/ILSVRC2012_val_00018831.JPEG,0,0,0.017986209962091555,0.9820137900379085,0.9640275800758169,245,2,159.88463163375854,REAL
/workspace/benchmarks_ai_research/data/genimage/sd_1_4/data/genimage/sd_1_4/imagenet_ai_0419_sdv4/val/ai/151_sdv4_00039.png,0,0,0.06560483745906928,0.9343951625409306,0.8687903250818613,382,2,208.09251815080643,REAL
/workspace/benchmarks_ai_research/data/genimage/sd_1_4/data/genimage/sd_1_4/imagenet_ai_0419_sdv4/val/nature/ILSVRC2012_val_00048129.JPEG,0,0,0.015189048807983947,0.984810951192016,0.969621902384032,292,2,208.2032412290573,REAL
/workspace/benchmarks_ai_research/data/genimage/sd_1_4/data/genimage/sd_1_4/imagenet_ai_0419_sdv4/val/ai/206_sdv4_00039.png,0,0,0.0194193481824486,0.9805806518175514,0.9611613036351028,382,2,210.89132130146027,REAL
/workspace/benchmarks_ai_research/data/genimage/sd_1_4/data/genimage/sd_1_4/imagenet_ai_0419_sdv4/val/ai/892_sdv4_00020.png,0,0,0.06278920859705135,0.9372107914029487,0.8744215828058973,382,2,209.2936635017395,REAL
/workspace/benchmarks_ai_research/data/genimage/sd_1_4/data/genimage/sd_1_4/imagenet_ai_0419_sdv4/val/ai/819_sdv4_00143.png,0,0,0.09268777863937604,0.9073122213606241,0.814624442721248,382,2,207.8297808766365,REAL
/workspace/benchmarks_ai_research/data/genimage/sd_1_4/data/genimage/sd_1_4/imagenet_ai_0419_sdv4/val/nature/ILSVRC2012_val_00004832.JPEG,0,0,0.014281933925111153,0.9857180660748888,0.9714361321497776,292,2,185.83983182907104,REAL
/workspace/benchmarks_ai_research/data/genimage/sd_1_4/data/genimage/sd_1_4/imagenet_ai_0419_sdv4/val/ai/962_sdv4_00127.png,0,0,0.061875985723642724,0.9381240142763573,0.8762480285527146,382,2,208.63774418830872,REAL
/workspace/benchmarks_ai_research/data/genimage/sd_1_4/data/genimage/sd_1_4/imagenet_ai_0419_sdv4/val/ai/294_sdv4_00039.png,1,0,0.8893458756229214,0.11065412437707854,0.7786917512458429,382,2,211.56859397888184,REAL
/workspace/benchmarks_ai_research/data/genimage/sd_1_4/data/genimage/sd_1_4/imagenet_ai_0419_sdv4/val/ai/136_sdv4_00143.png,0,0,0.03410042571231151,0.9658995742876885,0.9317991485753769,382,2,208.76842737197876,REAL
/workspace/benchmarks_ai_research/data/genimage/sd_1_4/data/genimage/sd_1_4/imagenet_ai_0419_sdv4/val/ai/517_sdv4_00143.png,0,0,0.07477004290796138,0.9252299570920387,0.8504599141840773,382,2,215.04133194684982,REAL
/workspace/benchmarks_ai_research/data/genimage/sd_1_4/data/genimage/sd_1_4/imagenet_ai_0419_sdv4/val/ai/382_sdv4_00039.png,0,0,0.035678550877730524,0.9643214491222695,0.9286428982445389,382,2,207.9981192946434,REAL
/workspace/benchmarks_ai_research/data/genimage/sd_1_4/data/genimage/sd_1_4/imagenet_ai_0419_sdv4/val/nature/ILSVRC2012_val_00041432.JPEG,0,0,0.00439941316273649,0.9956005868372635,0.991201173674527,274,2,179.55461144447327,REAL
/workspace/benchmarks_ai_research/data/genimage/sd_1_4/data/genimage/sd_1_4/imagenet_ai_0419_sdv4/val/nature/ILSVRC2012_val_00033642.JPEG,0,0,0.006589771663080563,0.9934102283369194,0.9868204566738388,292,2,210.79935133457184,REAL
/workspace/benchmarks_ai_research/data/genimage/sd_1_4/data/genimage/sd_1_4/imagenet_ai_0419_sdv4/val/nature/ILSVRC2012_val_00014528.JPEG,0,0,0.046033902399240385,0.9539660976007597,0.9079321952015192,274,2,180.09334802627563,REAL
/workspace/benchmarks_ai_research/data/genimage/sd_1_4/data/genimage/sd_1_4/imagenet_ai_0419_sdv4/val/ai/608_sdv4_00020.png,0,0,0.07369626970604846,0.9263037302939515,0.852607460587903,382,2,211.29367500543594,REAL
/workspace/benchmarks_ai_research/data/genimage/sd_1_4/data/genimage/sd_1_4/imagenet_ai_0419_sdv4/val/ai/178_sdv4_00074.png,1,0,0.9708987091162872,0.02910129088371281,0.9417974182325743,382,2,209.34130996465683,REAL
/workspace/benchmarks_ai_research/data/genimage/sd_1_4/data/genimage/sd_1_4/imagenet_ai_0419_sdv4/val/ai/599_sdv4_00058.png,0,0,0.02479816019558566,0.9752018398044143,0.9504036796088287,382,2,213.29966187477112,REAL
/workspace/benchmarks_ai_research/data/genimage/sd_1_4/data/genimage/sd_1_4/imagenet_ai_0419_sdv4/val/ai/862_sdv4_00035.png,0,0,0.033085978388704126,0.9669140216112958,0.9338280432225917,382,2,213.4748324751854,REAL
/workspace/benchmarks_ai_research/data/genimage/sd_1_4/data/genimage/sd_1_4/imagenet_ai_0419_sdv4/val/nature/ILSVRC2012_val_00029881.JPEG,0,0,0.007460643463940165,0.9925393565360598,0.9850787130721197,292,2,188.0275160074234,REAL
/workspace/benchmarks_ai_research/data/genimage/sd_1_4/data/genimage/sd_1_4/imagenet_ai_0419_sdv4/val/nature/ILSVRC2012_val_00023914.JPEG,0,0,0.037892426629607394,0.9621075733703927,0.9242151467407853,292,2,202.31633633375168,REAL
/workspace/benchmarks_ai_research/data/genimage/sd_1_4/data/genimage/sd_1_4/imagenet_ai_0419_sdv4/val/nature/ILSVRC2012_val_00047018.JPEG,0,0,0.00564190850002335,0.9943580914999767,0.9887161829999533,274,2,179.76944148540497,REAL
/workspace/benchmarks_ai_research/data/genimage/sd_1_4/data/genimage/sd_1_4/imagenet_ai_0419_sdv4/val/nature/ILSVRC2012_val_00046722.JPEG,0,0,0.010652510839726164,0.9893474891602738,0.9786949783205476,274,2,179.14225161075592,REAL
/workspace/benchmarks_ai_research/data/genimage/sd_1_4/data/genimage/sd_1_4/imagenet_ai_0419_sdv4/val/nature/ILSVRC2012_val_00048205.JPEG,0,0,0.014281933925111153,0.9857180660748888,0.9714361321497776,1057,2,526.2246206402779,REAL
/workspace/benchmarks_ai_research/data/genimage/sd_1_4/data/genimage/sd_1_4/imagenet_ai_0419_sdv4/val/nature/ILSVRC2012_val_00023565.JPEG,1,0,0.9404989196707315,0.05950108032926838,0.8809978393414631,274,2,180.69039285182953,REAL
/workspace/benchmarks_ai_research/data/genimage/sd_1_4/data/genimage/sd_1_4/imagenet_ai_0419_sdv4/val/ai/041_sdv4_00020.png,1,0,0.9032941233967873,0.09670587660321274,0.8065882467935745,382,2,213.68829905986786,REAL
/workspace/benchmarks_ai_research/data/genimage/sd_1_4/data/genimage/sd_1_4/imagenet_ai_0419_sdv4/val/ai/836_sdv4_00039.png,0,0,0.08269734267503885,0.9173026573249612,0.8346053146499224,382,2,224.5030701160431,REAL
/workspace/benchmarks_ai_research/data/genimage/sd_1_4/data/genimage/sd_1_4/imagenet_ai_0419_sdv4/val/ai/387_sdv4_00009.png,0,0,0.029760093945964218,0.9702399060540357,0.9404798121080714,382,2,210.18197387456894,REAL
/workspace/benchmarks_ai_research/data/genimage/sd_1_4/data/genimage/sd_1_4/imagenet_ai_0419_sdv4/val/ai/981_sdv4_00035.png,0,0,0.05582314113461443,0.9441768588653856,0.8883537177307712,382,2,219.23528611660004,REAL
/workspace/benchmarks_ai_research/data/genimage/sd_1_4/data/genimage/sd_1_4/imagenet_ai_0419_sdv4/val/nature/ILSVRC2012_val_00032942.JPEG,0,0,0.008315778477474129,0.9916842215225259,0.9833684430450518,364,2,205.19256591796875,REAL
/workspace/benchmarks_ai_research/data/genimage/sd_1_4/data/genimage/sd_1_4/imagenet_ai_0419_sdv4/val/nature/ILSVRC2012_val_00019192.JPEG,0,0,0.04535258055430642,0.9546474194456936,0.9092948388913872,274,2,186.11547350883484,REAL
/workspace/benchmarks_ai_research/data/genimage/sd_1_4/data/genimage/sd_1_4/imagenet_ai_0419_sdv4/val/ai/596_sdv4_00143.png,0,0,0.05834584061168106,0.941654159388319,0.883308318776638,382,2,222.27485477924347,REAL
/workspace/benchmarks_ai_research/data/genimage/sd_1_4/data/genimage/sd_1_4/imagenet_ai_0419_sdv4/val/nature/ILSVRC2012_val_00038488.JPEG,0,0,0.007937994101407319,0.9920620058985926,0.9841240117971853,292,2,186.7140308022499,REAL
/workspace/benchmarks_ai_research/data/genimage/sd_1_4/data/genimage/sd_1_4/imagenet_ai_0419_sdv4/val/nature/ILSVRC2012_val_00039005.JPEG,0,0,0.1242130083520534,0.8757869916479466,0.7515739832958932,647,2,344.94324028491974,REAL
/workspace/benchmarks_ai_research/data/genimage/sd_1_4/data/genimage/sd_1_4/imagenet_ai_0419_sdv4/val/ai/071_sdv4_00127.png,1,0,0.9883770188191778,0.01162298118082221,0.9767540376383557,382,2,208.96006375551224,REAL
/workspace/benchmarks_ai_research/data/genimage/sd_1_4/data/genimage/sd_1_4/imagenet_ai_0419_sdv4/val/ai/929_sdv4_00035.png,1,0,0.9250495805293305,0.07495041947066948,0.850099161058661,382,2,212.64160424470901,REAL
/workspace/benchmarks_ai_research/data/genimage/sd_1_4/data/genimage/sd_1_4/imagenet_ai_0419_sdv4/val/ai/371_sdv4_00020.png,1,0,0.9056723949861647,0.09432760501383526,0.8113447899723294,382,2,209.0483382344246,REAL
/workspace/benchmarks_ai_research/data/genimage/sd_1_4/data/genimage/sd_1_4/imagenet_ai_0419_sdv4/val/ai/404_sdv4_00020.png,1,0,0.9281114551629286,0.07188854483707131,0.8562229103258573,382,2,209.35707539319992,REAL
/workspace/benchmarks_ai_research/data/genimage/sd_1_4/data/genimage/sd_1_4/imagenet_ai_0419_sdv4/val/nature/ILSVRC2012_val_00008183.JPEG,1,0,0.978067708827524,0.021932291172475957,0.9561354176550481,382,2,209.51591432094574,REAL
/workspace/benchmarks_ai_research/data/genimage/sd_1_4/data/genimage/sd_1_4/imagenet_ai_0419_sdv4/val/ai/985_sdv4_00074.png,0,0,0.0037654137846738736,0.9962345862153261,0.9924691724306522,382,2,210.839681327343,REAL
/workspace/benchmarks_ai_research/data/genimage/sd_1_4/data/genimage/sd_1_4/imagenet_ai_0419_sdv4/val/nature/ILSVRC2012_val_00032894.JPEG,0,0,0.008847355082930386,0.9911526449170697,0.9823052898341393,292,2,195.52449136972427,REAL
/workspace/benchmarks_ai_research/data/genimage/sd_1_4/data/genimage/sd_1_4/imagenet_ai_0419_sdv4/val/ai/843_sdv4_00039.png,0,0,0.010652510839726164,0.9893474891602738,0.9786949783205476,382,2,208.00642669200897,REAL
/workspace/benchmarks_ai_research/data/genimage/sd_1_4/data/genimage/sd_1_4/imagenet_ai_0419_sdv4/val/nature/ILSVRC2012_val_00000848.JPEG,1,0,0.9807850172713399,0.0192149827286601,0.9615700345426799,382,2,208.2534283399582,REAL
/workspace/benchmarks_ai_research/data/genimage/sd_1_4/data/genimage/sd_1_4/imagenet_ai_0419_sdv4/val/ai/577_sdv4_00009.png,1,0,0.9276633643994281,0.07233663560057177,0.8553267287988563,382,2,221.1999148130417,REAL
/workspace/benchmarks_ai_research/data/genimage/sd_1_4/data/genimage/sd_1_4/imagenet_ai_0419_sdv4/val/ai/151_sdv4_00020.png,0,0,0.04146227271140963,0.9585377272885904,0.9170754545771808,382,2,223.53364527225494,REAL
/workspace/benchmarks_ai_research/data/genimage/sd_1_4/data/genimage/sd_1_4/imagenet_ai_0419_sdv4/val/nature/ILSVRC2012_val_00014030.JPEG,0,0,0.010169657753872614,0.9898303422461273,0.9796606844922547,328,2,195.65054029226303,REAL
/workspace/benchmarks_ai_research/data/genimage/sd_1_4/data/genimage/sd_1_4/imagenet_ai_0419_sdv4/val/nature/ILSVRC2012_val_00039581.JPEG,0,0,0.03846619201832428,0.9615338079816756,0.9230676159633514,292,2,192.39891320466995,REAL
/workspace/benchmarks_ai_research/data/genimage/sd_1_4/data/genimage/sd_1_4/imagenet_ai_0419_sdv4/val/ai/350_sdv4_00074.png,0,0,0.006903838071221877,0.993096161928778,0.9861923238575562,382,2,223.83234649896622,REAL
/workspace/benchmarks_ai_research/data/genimage/sd_1_4/data/genimage/sd_1_4/imagenet_ai_0419_sdv4/val/ai/924_sdv4_00074.png,0,0,0.022286185539225494,0.9777138144607745,0.9554276289215491,382,2,209.26280319690704,REAL
/workspace/benchmarks_ai_research/data/genimage/sd_1_4/data/genimage/sd_1_4/imagenet_ai_0419_sdv4/val/nature/ILSVRC2012_val_00043745.JPEG,0,0,0.020023441289455244,0.9799765587105447,0.9599531174210895,292,2,187.63206154108047,REAL
/workspace/benchmarks_ai_research/data/genimage/sd_1_4/data/genimage/sd_1_4/imagenet_ai_0419_sdv4/val/nature/ILSVRC2012_val_00048762.JPEG,0,0,0.011508149064303403,0.9884918509356967,0.9769837018713933,274,2,195.71807235479355,REAL
/workspace/benchmarks_ai_research/data/genimage/sd_1_4/data/genimage/sd_1_4/imagenet_ai_0419_sdv4/val/nature/ILSVRC2012_val_00022845.JPEG,0,0,0.042722197546490565,0.9572778024535095,0.9145556049070189,292,2,187.09399551153183,REAL
/workspace/benchmarks_ai_research/data/genimage/sd_1_4/data/genimage/sd_1_4/imagenet_ai_0419_sdv4/val/ai/595_sdv4_00074.png,0,0,0.09401017961657226,0.9059898203834277,0.8119796407668554,382,2,208.72081071138382,REAL
/workspace/benchmarks_ai_research/data/genimage/sd_1_4/data/genimage/sd_1_4/imagenet_ai_0419_sdv4/val/nature/ILSVRC2012_val_00016084.JPEG,0,0,0.01826427835185701,0.9817357216481429,0.9634714432962859,274,2,196.20104879140854,REAL
/workspace/benchmarks_ai_research/data/genimage/sd_1_4/data/genimage/sd_1_4/imagenet_ai_0419_sdv4/val/nature/ILSVRC2012_val_00049107.JPEG,0,0,0.014728613849722676,0.9852713861502774,0.9705427723005547,292,2,192.25241243839264,REAL
/workspace/benchmarks_ai_research/data/genimage/sd_1_4/data/genimage/sd_1_4/imagenet_ai_0419_sdv4/val/ai/100_sdv4_00035.png,0,0,0.0953494648991095,0.9046505351008906,0.8093010702017811,382,2,208.1240862607956,REAL
/workspace/benchmarks_ai_research/data/genimage/sd_1_4/data/genimage/sd_1_4/imagenet_ai_0419_sdv4/val/ai/617_sdv4_00127.png,1,0,0.9373638263810776,0.06263617361892229,0.8747276527621554,382,2,208.33463221788406,REAL
/workspace/benchmarks_ai_research/data/genimage/sd_1_4/data/genimage/sd_1_4/imagenet_ai_0419_sdv4/val/ai/199_sdv4_00127.png,0,0,0.0194193481824486,0.9805806518175514,0.9611613036351028,382,2,208.09709280729294,REAL
/workspace/benchmarks_ai_research/data/genimage/sd_1_4/data/genimage/sd_1_4/imagenet_ai_0419_sdv4/val/ai/596_sdv4_00127.png,0,0,0.04208772791561884,0.9579122720843811,0.9158245441687622,382,2,209.99354124069214,REAL
/workspace/benchmarks_ai_research/data/genimage/sd_1_4/data/genimage/sd_1_4/imagenet_ai_0419_sdv4/val/nature/ILSVRC2012_val_00021559.JPEG,0,0,0.023689471299374428,0.9763105287006256,0.9526210574012512,292,2,187.2314214706421,REAL
/workspace/benchmarks_ai_research/data/genimage/sd_1_4/data/genimage/sd_1_4/imagenet_ai_0419_sdv4/val/nature/ILSVRC2012_val_00039695.JPEG,0,0,0.025178841700601855,0.9748211582993981,0.9496423165987963,292,2,187.09943443536758,REAL
/workspace/benchmarks_ai_research/data/genimage/sd_1_4/data/genimage/sd_1_4/imagenet_ai_0419_sdv4/val/ai/951_sdv4_00009.png,1,0,0.9499354065467175,0.0500645934532826,0.8998708130934349,382,2,209.4695046544075,REAL
/workspace/benchmarks_ai_research/data/genimage/sd_1_4/data/genimage/sd_1_4/imagenet_ai_0419_sdv4/val/ai/003_sdv4_00127.png,0,0,0.04401864986294638,0.9559813501370537,0.9119627002741073,382,2,207.89465308189392,REAL
/workspace/benchmarks_ai_research/data/genimage/sd_1_4/data/genimage/sd_1_4/imagenet_ai_0419_sdv4/val/ai/039_sdv4_00074.png,1,0,0.8926338353420716,0.10736616465792846,0.7852676706841432,382,2,218.9234271645546,REAL
/workspace/benchmarks_ai_research/data/genimage/sd_1_4/data/genimage/sd_1_4/imagenet_ai_0419_sdv4/val/ai/292_sdv4_00143.png,1,0,0.909906927859377,0.09009307214062315,0.8198138557187539,382,2,208.7053284049034,REAL
/workspace/benchmarks_ai_research/data/genimage/sd_1_4/data/genimage/sd_1_4/imagenet_ai_0419_sdv4/val/nature/ILSVRC2012_val_00022516.JPEG,0,0,0.046033902399240385,0.9539660976007597,0.9079321952015192,382,2,208.79320800304413,REAL
/workspace/benchmarks_ai_research/data/genimage/sd_1_4/data/genimage/sd_1_4/imagenet_ai_0419_sdv4/val/nature/ILSVRC2012_val_00007452.JPEG,0,0,0.011687257995694434,0.9883127420043056,0.9766254840086112,328,2,211.0673263669014,REAL
/workspace/benchmarks_ai_research/data/genimage/sd_1_4/data/genimage/sd_1_4/imagenet_ai_0419_sdv4/val/ai/060_sdv4_00039.png,0,0,0.03904829272622638,0.9609517072737735,0.9219034145475472,382,2,209.13973450660706,REAL
